[fairfl] federated (3 clients) | strategy=fairweight model=cnn_cifar rounds=50 alpha=0.5 lr=0.001
16:32:04 federated: device=cpu clients=3 alpha=0.5 strategy=fairweight loading CIFAR10 from data
16:32:06 data loaded + partitioned in 2.1s; client shard sizes=[11139, 11413, 27448]
16:32:07   epoch 1 batch 50/175 loss=2.1672
16:32:07   epoch 1 batch 100/175 loss=1.8446
16:32:08   epoch 1 batch 150/175 loss=1.5912
16:32:08   epoch 2 batch 50/175 loss=1.5169
16:32:09   epoch 2 batch 100/175 loss=1.4935
16:32:09   epoch 2 batch 150/175 loss=1.6089
16:32:10   epoch 3 batch 50/175 loss=1.6224
16:32:10   epoch 3 batch 100/175 loss=1.4550
16:32:10   epoch 3 batch 150/175 loss=1.4610
16:32:11   epoch 4 batch 50/175 loss=1.5087
16:32:11   epoch 4 batch 100/175 loss=1.4965
16:32:12   epoch 4 batch 150/175 loss=1.6002
16:32:12   epoch 5 batch 50/175 loss=1.6934
16:32:13   epoch 5 batch 100/175 loss=1.4216
16:32:13   epoch 5 batch 150/175 loss=1.5859
16:32:14   epoch 6 batch 50/175 loss=1.4698
16:32:14   epoch 6 batch 100/175 loss=1.3862
16:32:15   epoch 6 batch 150/175 loss=1.3563
16:32:15   epoch 7 batch 50/175 loss=1.3558
16:32:16   epoch 7 batch 100/175 loss=1.4139
16:32:16   epoch 7 batch 150/175 loss=1.3168
16:32:17   epoch 8 batch 50/175 loss=1.2124
16:32:17   epoch 8 batch 100/175 loss=1.6044
16:32:17   epoch 8 batch 150/175 loss=1.4892
16:32:18   epoch 9 batch 50/175 loss=1.3149
16:32:18   epoch 9 batch 100/175 loss=1.3148
16:32:19   epoch 9 batch 150/175 loss=1.3987
16:32:19   epoch 10 batch 50/175 loss=1.4250
16:32:20   epoch 10 batch 100/175 loss=1.6104
16:32:20   epoch 10 batch 150/175 loss=1.3691
16:32:21   epoch 11 batch 50/175 loss=1.4649
16:32:21   epoch 11 batch 100/175 loss=1.3016
16:32:21   epoch 11 batch 150/175 loss=1.4680
16:32:22   epoch 12 batch 50/175 loss=1.5256
16:32:22   epoch 12 batch 100/175 loss=1.5818
16:32:23   epoch 12 batch 150/175 loss=1.5282
16:32:23   epoch 13 batch 50/175 loss=1.5370
16:32:24   epoch 13 batch 100/175 loss=1.4506
16:32:24   epoch 13 batch 150/175 loss=1.8178
16:32:25   epoch 14 batch 50/175 loss=1.2735
16:32:25   epoch 14 batch 100/175 loss=1.3453
16:32:26   epoch 14 batch 150/175 loss=1.2904
16:32:26   epoch 15 batch 50/175 loss=1.4276
16:32:27   epoch 15 batch 100/175 loss=1.2288
16:32:27   epoch 15 batch 150/175 loss=1.7221
C:\Users\Danish\personal\study\11-bpdc-me-ss\3rd Sem\fairness-in-fl\code\src\fairfl\train\engine.py:201: UserWarning: Detected call of `lr_scheduler.step()` before `optimizer.step()`. In PyTorch 1.1.0 and later, you should call them in the opposite order: `optimizer.step()` before `lr_scheduler.step()`.  Failure to do this will result in PyTorch skipping the first value of the learning rate schedule. See more details at https://pytorch.org/docs/stable/optim.html#how-to-adjust-learning-rate
  scheduler.step()
16:34:23 round 1/50 loss=1.6346 acc=0.1808 lr=0.00100 (136.9s, ETA 6707s)
16:34:24   epoch 1 batch 50/175 loss=1.4832
16:34:25   epoch 1 batch 100/175 loss=1.5607
16:34:26   epoch 1 batch 150/175 loss=1.5258
16:34:28   epoch 2 batch 50/175 loss=1.2615
16:34:29   epoch 2 batch 100/175 loss=1.2909
16:34:29   epoch 2 batch 150/175 loss=1.3469
16:34:31   epoch 3 batch 50/175 loss=1.6123
16:34:32   epoch 3 batch 100/175 loss=1.5314
16:34:33   epoch 3 batch 150/175 loss=1.0630
16:34:34   epoch 4 batch 50/175 loss=1.3405
16:34:35   epoch 4 batch 100/175 loss=1.4258
16:34:36   epoch 4 batch 150/175 loss=1.3154
16:34:38   epoch 5 batch 50/175 loss=1.3225
16:34:39   epoch 5 batch 100/175 loss=1.1186
16:34:40   epoch 5 batch 150/175 loss=1.2305
16:34:41   epoch 6 batch 50/175 loss=1.4169
16:34:42   epoch 6 batch 100/175 loss=1.3262
16:34:43   epoch 6 batch 150/175 loss=1.1933
16:34:45   epoch 7 batch 50/175 loss=1.7005
16:34:46   epoch 7 batch 100/175 loss=1.4087
16:34:47   epoch 7 batch 150/175 loss=1.5039
16:34:49   epoch 8 batch 50/175 loss=1.3098
16:34:50   epoch 8 batch 100/175 loss=1.2591
16:34:50   epoch 8 batch 150/175 loss=1.2940
16:34:52   epoch 9 batch 50/175 loss=1.1492
16:34:53   epoch 9 batch 100/175 loss=1.3932
16:34:54   epoch 9 batch 150/175 loss=1.5105
16:34:55   epoch 10 batch 50/175 loss=1.2664
16:34:56   epoch 10 batch 100/175 loss=1.1595
16:34:57   epoch 10 batch 150/175 loss=1.0992
16:34:59   epoch 11 batch 50/175 loss=0.9988
16:35:00   epoch 11 batch 100/175 loss=1.2317
16:35:01   epoch 11 batch 150/175 loss=1.2661
16:35:02   epoch 12 batch 50/175 loss=2.0411
16:35:03   epoch 12 batch 100/175 loss=1.3870
16:35:04   epoch 12 batch 150/175 loss=1.0296
16:35:05   epoch 13 batch 50/175 loss=1.6578
16:35:06   epoch 13 batch 100/175 loss=1.5276
16:35:07   epoch 13 batch 150/175 loss=1.4449
16:35:08   epoch 14 batch 50/175 loss=1.1272
16:35:09   epoch 14 batch 100/175 loss=1.1638
16:35:10   epoch 14 batch 150/175 loss=1.1554
16:35:12   epoch 15 batch 50/175 loss=1.4450
16:35:13   epoch 15 batch 100/175 loss=1.2467
16:35:13   epoch 15 batch 150/175 loss=1.0841
16:38:11 round 2/50 loss=1.4973 acc=0.2652 lr=0.00100 (228.4s, ETA 8767s)
16:38:12   epoch 1 batch 50/175 loss=1.8040
16:38:13   epoch 1 batch 100/175 loss=1.1432
16:38:13   epoch 1 batch 150/175 loss=1.3051
16:38:14   epoch 2 batch 50/175 loss=1.1608
16:38:15   epoch 2 batch 100/175 loss=1.1705
16:38:16   epoch 2 batch 150/175 loss=1.6308
16:38:17   epoch 3 batch 50/175 loss=1.2656
16:38:18   epoch 3 batch 100/175 loss=1.3788
16:38:18   epoch 3 batch 150/175 loss=1.7746
16:38:20   epoch 4 batch 50/175 loss=1.1976
16:38:20   epoch 4 batch 100/175 loss=1.0590
16:38:21   epoch 4 batch 150/175 loss=1.2737
16:38:22   epoch 5 batch 50/175 loss=1.2092
16:38:23   epoch 5 batch 100/175 loss=1.3649
16:38:24   epoch 5 batch 150/175 loss=1.2190
16:38:25   epoch 6 batch 50/175 loss=1.2871
16:38:26   epoch 6 batch 100/175 loss=1.2262
16:38:27   epoch 6 batch 150/175 loss=1.0806
16:38:28   epoch 7 batch 50/175 loss=1.2729
16:38:29   epoch 7 batch 100/175 loss=1.1645
16:38:30   epoch 7 batch 150/175 loss=1.2101
16:38:31   epoch 8 batch 50/175 loss=1.2784
16:38:32   epoch 8 batch 100/175 loss=1.2607
16:38:32   epoch 8 batch 150/175 loss=1.3276
16:38:34   epoch 9 batch 50/175 loss=1.1571
16:38:34   epoch 9 batch 100/175 loss=1.1057
16:38:35   epoch 9 batch 150/175 loss=1.1961
16:38:37   epoch 10 batch 50/175 loss=1.1694
16:38:37   epoch 10 batch 100/175 loss=1.4395
16:38:38   epoch 10 batch 150/175 loss=1.0778
16:38:39   epoch 11 batch 50/175 loss=1.2276
16:38:40   epoch 11 batch 100/175 loss=1.4406
16:38:41   epoch 11 batch 150/175 loss=1.2479
16:38:42   epoch 12 batch 50/175 loss=1.3340
16:38:43   epoch 12 batch 100/175 loss=1.1868
16:38:44   epoch 12 batch 150/175 loss=1.3586
16:38:45   epoch 13 batch 50/175 loss=1.1874
16:38:46   epoch 13 batch 100/175 loss=1.0121
16:38:47   epoch 13 batch 150/175 loss=1.0282
16:38:48   epoch 14 batch 50/175 loss=1.3071
16:38:49   epoch 14 batch 100/175 loss=1.3259
16:38:50   epoch 14 batch 150/175 loss=1.0723
16:38:51   epoch 15 batch 50/175 loss=1.2369
16:38:52   epoch 15 batch 100/175 loss=1.4528
16:38:53   epoch 15 batch 150/175 loss=0.9951
16:41:15 round 3/50 loss=1.4362 acc=0.3205 lr=0.00100 (183.2s, ETA 8593s)
16:41:15   epoch 1 batch 50/175 loss=1.3047
16:41:16   epoch 1 batch 100/175 loss=0.9171
16:41:17   epoch 1 batch 150/175 loss=1.0025
16:41:18   epoch 2 batch 50/175 loss=1.5089
16:41:19   epoch 2 batch 100/175 loss=1.7602
16:41:20   epoch 2 batch 150/175 loss=1.3783
16:41:21   epoch 3 batch 50/175 loss=1.0168
16:41:23   epoch 3 batch 100/175 loss=1.1960
16:41:24   epoch 3 batch 150/175 loss=1.6020
16:41:25   epoch 4 batch 50/175 loss=1.3176
16:41:26   epoch 4 batch 100/175 loss=1.6555
16:41:27   epoch 4 batch 150/175 loss=1.2919
16:41:28   epoch 5 batch 50/175 loss=1.3053
16:41:29   epoch 5 batch 100/175 loss=1.2786
16:41:30   epoch 5 batch 150/175 loss=1.3029
16:41:31   epoch 6 batch 50/175 loss=1.1581
16:41:33   epoch 6 batch 100/175 loss=1.2061
16:41:34   epoch 6 batch 150/175 loss=1.4009
16:41:35   epoch 7 batch 50/175 loss=1.4727
16:41:36   epoch 7 batch 100/175 loss=1.1204
16:41:37   epoch 7 batch 150/175 loss=0.8719
16:41:38   epoch 8 batch 50/175 loss=1.1926
16:41:39   epoch 8 batch 100/175 loss=1.1446
16:41:40   epoch 8 batch 150/175 loss=1.2623
16:41:41   epoch 9 batch 50/175 loss=0.9139
16:41:42   epoch 9 batch 100/175 loss=0.8752
16:41:43   epoch 9 batch 150/175 loss=1.0153
16:41:44   epoch 10 batch 50/175 loss=0.9845
16:41:45   epoch 10 batch 100/175 loss=1.2711
16:41:46   epoch 10 batch 150/175 loss=1.2560
16:41:47   epoch 11 batch 50/175 loss=1.0667
16:41:48   epoch 11 batch 100/175 loss=1.0624
16:41:49   epoch 11 batch 150/175 loss=1.4673
16:41:50   epoch 12 batch 50/175 loss=1.1991
16:41:51   epoch 12 batch 100/175 loss=1.1862
16:41:52   epoch 12 batch 150/175 loss=1.2692
16:41:53   epoch 13 batch 50/175 loss=1.4225
16:41:54   epoch 13 batch 100/175 loss=1.1101
16:41:55   epoch 13 batch 150/175 loss=1.0630
16:41:56   epoch 14 batch 50/175 loss=1.1881
16:41:57   epoch 14 batch 100/175 loss=1.2428
16:41:58   epoch 14 batch 150/175 loss=1.2670
16:41:59   epoch 15 batch 50/175 loss=1.1855
16:42:00   epoch 15 batch 100/175 loss=1.4048
16:42:01   epoch 15 batch 150/175 loss=1.0819
16:44:33 round 4/50 loss=1.3869 acc=0.3741 lr=0.00099 (198.3s, ETA 8587s)
16:44:34   epoch 1 batch 50/175 loss=1.3562
16:44:35   epoch 1 batch 100/175 loss=1.3659
16:44:35   epoch 1 batch 150/175 loss=1.3885
16:44:37   epoch 2 batch 50/175 loss=1.4091
16:44:38   epoch 2 batch 100/175 loss=1.4710
16:44:39   epoch 2 batch 150/175 loss=1.2377
16:44:40   epoch 3 batch 50/175 loss=1.1679
16:44:41   epoch 3 batch 100/175 loss=1.2435
16:44:42   epoch 3 batch 150/175 loss=1.1081
16:44:43   epoch 4 batch 50/175 loss=1.0304
16:44:44   epoch 4 batch 100/175 loss=1.2878
16:44:45   epoch 4 batch 150/175 loss=1.1096
16:44:47   epoch 5 batch 50/175 loss=1.0136
16:44:47   epoch 5 batch 100/175 loss=1.1607
16:44:48   epoch 5 batch 150/175 loss=1.6104
16:44:50   epoch 6 batch 50/175 loss=1.1252
16:44:51   epoch 6 batch 100/175 loss=1.0003
16:44:52   epoch 6 batch 150/175 loss=1.2080
16:44:53   epoch 7 batch 50/175 loss=1.0674
16:44:54   epoch 7 batch 100/175 loss=0.9891
16:44:55   epoch 7 batch 150/175 loss=1.1561
16:44:56   epoch 8 batch 50/175 loss=1.1495
16:44:58   epoch 8 batch 100/175 loss=1.1719
16:44:59   epoch 8 batch 150/175 loss=1.0932
16:45:00   epoch 9 batch 50/175 loss=0.9799
16:45:01   epoch 9 batch 100/175 loss=1.2118
16:45:02   epoch 9 batch 150/175 loss=1.2760
16:45:04   epoch 10 batch 50/175 loss=1.3577
16:45:05   epoch 10 batch 100/175 loss=1.1841
16:45:06   epoch 10 batch 150/175 loss=0.9714
16:45:07   epoch 11 batch 50/175 loss=1.3161
16:45:08   epoch 11 batch 100/175 loss=1.1246
16:45:09   epoch 11 batch 150/175 loss=1.1450
16:45:11   epoch 12 batch 50/175 loss=1.0651
16:45:11   epoch 12 batch 100/175 loss=1.0915
16:45:12   epoch 12 batch 150/175 loss=0.9959
16:45:13   epoch 13 batch 50/175 loss=1.0324
16:45:14   epoch 13 batch 100/175 loss=0.9850
16:45:15   epoch 13 batch 150/175 loss=0.9769
16:45:17   epoch 14 batch 50/175 loss=0.9257
16:45:18   epoch 14 batch 100/175 loss=0.9878
16:45:19   epoch 14 batch 150/175 loss=1.1629
16:45:21   epoch 15 batch 50/175 loss=1.1012
16:45:22   epoch 15 batch 100/175 loss=0.9457
16:45:23   epoch 15 batch 150/175 loss=1.1094
16:48:06 round 5/50 loss=1.3525 acc=0.3581 lr=0.00098 (213.1s, ETA 8639s)
16:48:07   epoch 1 batch 50/175 loss=1.4841
16:48:07   epoch 1 batch 100/175 loss=1.1748
16:48:08   epoch 1 batch 150/175 loss=1.1115
16:48:09   epoch 2 batch 50/175 loss=1.0321
16:48:10   epoch 2 batch 100/175 loss=1.2893
16:48:11   epoch 2 batch 150/175 loss=1.3921
16:48:12   epoch 3 batch 50/175 loss=1.0234
16:48:13   epoch 3 batch 100/175 loss=1.6320
16:48:14   epoch 3 batch 150/175 loss=1.1648
16:48:15   epoch 4 batch 50/175 loss=0.9368
16:48:15   epoch 4 batch 100/175 loss=1.0327
16:48:16   epoch 4 batch 150/175 loss=1.1131
16:48:17   epoch 5 batch 50/175 loss=1.1175
16:48:18   epoch 5 batch 100/175 loss=1.0359
16:48:19   epoch 5 batch 150/175 loss=1.3300
16:48:20   epoch 6 batch 50/175 loss=1.2022
16:48:21   epoch 6 batch 100/175 loss=1.2263
16:48:22   epoch 6 batch 150/175 loss=0.9367
16:48:23   epoch 7 batch 50/175 loss=1.0884
16:48:23   epoch 7 batch 100/175 loss=1.0037
16:48:24   epoch 7 batch 150/175 loss=1.1610
16:48:26   epoch 8 batch 50/175 loss=1.1469
16:48:26   epoch 8 batch 100/175 loss=1.5381
16:48:27   epoch 8 batch 150/175 loss=1.0219
16:48:28   epoch 9 batch 50/175 loss=1.1713
16:48:29   epoch 9 batch 100/175 loss=1.1387
16:48:30   epoch 9 batch 150/175 loss=2.1972
16:48:31   epoch 10 batch 50/175 loss=0.9546
16:48:32   epoch 10 batch 100/175 loss=1.0181
16:48:32   epoch 10 batch 150/175 loss=1.3796
16:48:34   epoch 11 batch 50/175 loss=1.4227
16:48:34   epoch 11 batch 100/175 loss=1.1087
16:48:35   epoch 11 batch 150/175 loss=1.0617
16:48:36   epoch 12 batch 50/175 loss=0.9519
16:48:37   epoch 12 batch 100/175 loss=1.0819
16:48:38   epoch 12 batch 150/175 loss=0.9354
16:48:39   epoch 13 batch 50/175 loss=0.9992
16:48:40   epoch 13 batch 100/175 loss=1.2135
16:48:40   epoch 13 batch 150/175 loss=0.9899
16:48:41   epoch 14 batch 50/175 loss=1.2074
16:48:42   epoch 14 batch 100/175 loss=1.2444
16:48:43   epoch 14 batch 150/175 loss=1.2103
16:48:44   epoch 15 batch 50/175 loss=1.0106
16:48:45   epoch 15 batch 100/175 loss=1.5551
16:48:45   epoch 15 batch 150/175 loss=1.0873
16:51:19 round 6/50 loss=1.3069 acc=0.3783 lr=0.00098 (193.1s, ETA 8455s)
16:51:20   epoch 1 batch 50/175 loss=1.4110
16:51:20   epoch 1 batch 100/175 loss=1.0767
16:51:21   epoch 1 batch 150/175 loss=1.0249
16:51:22   epoch 2 batch 50/175 loss=1.1917
16:51:23   epoch 2 batch 100/175 loss=1.2727
16:51:24   epoch 2 batch 150/175 loss=0.9246
16:51:25   epoch 3 batch 50/175 loss=1.3960
16:51:26   epoch 3 batch 100/175 loss=1.0980
16:51:27   epoch 3 batch 150/175 loss=1.2035
16:51:28   epoch 4 batch 50/175 loss=1.2081
16:51:28   epoch 4 batch 100/175 loss=1.2943
16:51:29   epoch 4 batch 150/175 loss=1.1045
16:51:30   epoch 5 batch 50/175 loss=1.2122
16:51:31   epoch 5 batch 100/175 loss=1.4467
16:51:32   epoch 5 batch 150/175 loss=1.1530
16:51:33   epoch 6 batch 50/175 loss=1.4675
16:51:34   epoch 6 batch 100/175 loss=1.3188
16:51:34   epoch 6 batch 150/175 loss=1.1913
16:51:35   epoch 7 batch 50/175 loss=1.1063
16:51:36   epoch 7 batch 100/175 loss=1.0234
16:51:37   epoch 7 batch 150/175 loss=1.0791
16:51:38   epoch 8 batch 50/175 loss=0.9663
16:51:39   epoch 8 batch 100/175 loss=1.5155
16:51:39   epoch 8 batch 150/175 loss=1.0415
16:51:41   epoch 9 batch 50/175 loss=1.2811
16:51:41   epoch 9 batch 100/175 loss=1.1064
16:51:42   epoch 9 batch 150/175 loss=1.1946
16:51:43   epoch 10 batch 50/175 loss=0.9562
16:51:44   epoch 10 batch 100/175 loss=1.0815
16:51:45   epoch 10 batch 150/175 loss=1.1634
16:51:46   epoch 11 batch 50/175 loss=1.0000
16:51:47   epoch 11 batch 100/175 loss=1.0446
16:51:48   epoch 11 batch 150/175 loss=1.4082
16:51:49   epoch 12 batch 50/175 loss=1.2381
16:51:50   epoch 12 batch 100/175 loss=0.9915
16:51:50   epoch 12 batch 150/175 loss=0.9274
16:51:52   epoch 13 batch 50/175 loss=0.9911
16:51:52   epoch 13 batch 100/175 loss=0.9166
16:51:53   epoch 13 batch 150/175 loss=1.0807
16:51:55   epoch 14 batch 50/175 loss=1.1429
16:51:55   epoch 14 batch 100/175 loss=1.3809
16:51:56   epoch 14 batch 150/175 loss=1.2507
16:51:57   epoch 15 batch 50/175 loss=1.2350
16:51:57   epoch 15 batch 100/175 loss=1.1510
16:51:58   epoch 15 batch 150/175 loss=1.0505
16:54:20 round 7/50 loss=1.3032 acc=0.3862 lr=0.00096 (180.5s, ETA 8191s)
16:54:20   epoch 1 batch 50/175 loss=1.2215
16:54:21   epoch 1 batch 100/175 loss=1.2271
16:54:22   epoch 1 batch 150/175 loss=1.0431
16:54:24   epoch 2 batch 50/175 loss=1.3470
16:54:25   epoch 2 batch 100/175 loss=1.2862
16:54:26   epoch 2 batch 150/175 loss=1.1236
16:54:28   epoch 3 batch 50/175 loss=1.1146
16:54:29   epoch 3 batch 100/175 loss=1.0299
16:54:29   epoch 3 batch 150/175 loss=1.1663
16:54:30   epoch 4 batch 50/175 loss=1.2524
16:54:31   epoch 4 batch 100/175 loss=1.1936
16:54:33   epoch 4 batch 150/175 loss=1.1371
16:54:34   epoch 5 batch 50/175 loss=1.0966
16:54:35   epoch 5 batch 100/175 loss=1.1271
16:54:36   epoch 5 batch 150/175 loss=1.1379
16:54:37   epoch 6 batch 50/175 loss=1.1913
16:54:38   epoch 6 batch 100/175 loss=0.9938
16:54:39   epoch 6 batch 150/175 loss=1.0694
16:54:40   epoch 7 batch 50/175 loss=1.3161
16:54:41   epoch 7 batch 100/175 loss=1.1899
16:54:42   epoch 7 batch 150/175 loss=1.0354
16:54:43   epoch 8 batch 50/175 loss=1.3782
16:54:44   epoch 8 batch 100/175 loss=1.1074
16:54:45   epoch 8 batch 150/175 loss=0.9855
16:54:46   epoch 9 batch 50/175 loss=1.1717
16:54:47   epoch 9 batch 100/175 loss=1.0541
16:54:48   epoch 9 batch 150/175 loss=1.0531
16:54:49   epoch 10 batch 50/175 loss=0.9554
16:54:50   epoch 10 batch 100/175 loss=1.1371
16:54:50   epoch 10 batch 150/175 loss=1.0442
16:54:52   epoch 11 batch 50/175 loss=1.1671
16:54:52   epoch 11 batch 100/175 loss=0.7711
16:54:53   epoch 11 batch 150/175 loss=1.2887
16:54:54   epoch 12 batch 50/175 loss=1.3871
16:54:55   epoch 12 batch 100/175 loss=0.9067
16:54:56   epoch 12 batch 150/175 loss=1.1323
16:54:57   epoch 13 batch 50/175 loss=1.0792
16:54:58   epoch 13 batch 100/175 loss=1.0580
16:54:59   epoch 13 batch 150/175 loss=1.1565
16:55:00   epoch 14 batch 50/175 loss=1.3855
16:55:01   epoch 14 batch 100/175 loss=1.2076
16:55:01   epoch 14 batch 150/175 loss=1.1205
16:55:03   epoch 15 batch 50/175 loss=1.2927
16:55:03   epoch 15 batch 100/175 loss=1.2773
16:55:04   epoch 15 batch 150/175 loss=1.4373
16:57:19 round 8/50 loss=1.2743 acc=0.4078 lr=0.00095 (179.4s, ETA 7942s)
16:57:20   epoch 1 batch 50/175 loss=1.3921
16:57:20   epoch 1 batch 100/175 loss=1.2825
16:57:21   epoch 1 batch 150/175 loss=0.9680
16:57:22   epoch 2 batch 50/175 loss=1.1556
16:57:23   epoch 2 batch 100/175 loss=1.2898
16:57:23   epoch 2 batch 150/175 loss=1.9144
16:57:24   epoch 3 batch 50/175 loss=1.3768
16:57:25   epoch 3 batch 100/175 loss=1.0656
16:57:26   epoch 3 batch 150/175 loss=1.0253
16:57:27   epoch 4 batch 50/175 loss=1.1028
16:57:27   epoch 4 batch 100/175 loss=1.1788
16:57:28   epoch 4 batch 150/175 loss=1.1573
16:57:29   epoch 5 batch 50/175 loss=1.1003
16:57:30   epoch 5 batch 100/175 loss=1.1273
16:57:30   epoch 5 batch 150/175 loss=0.8887
16:57:31   epoch 6 batch 50/175 loss=1.2425
16:57:32   epoch 6 batch 100/175 loss=1.1218
16:57:33   epoch 6 batch 150/175 loss=0.9626
16:57:34   epoch 7 batch 50/175 loss=0.9949
16:57:34   epoch 7 batch 100/175 loss=0.8832
16:57:35   epoch 7 batch 150/175 loss=1.1426
16:57:36   epoch 8 batch 50/175 loss=0.9902
16:57:37   epoch 8 batch 100/175 loss=1.5133
16:57:37   epoch 8 batch 150/175 loss=1.3428
16:57:38   epoch 9 batch 50/175 loss=1.0523
16:57:39   epoch 9 batch 100/175 loss=1.2114
16:57:40   epoch 9 batch 150/175 loss=0.9751
16:57:41   epoch 10 batch 50/175 loss=1.1044
16:57:41   epoch 10 batch 100/175 loss=1.0255
16:57:42   epoch 10 batch 150/175 loss=0.9563
16:57:43   epoch 11 batch 50/175 loss=1.1437
16:57:44   epoch 11 batch 100/175 loss=1.0928
16:57:44   epoch 11 batch 150/175 loss=1.2789
16:57:45   epoch 12 batch 50/175 loss=0.9398
16:57:46   epoch 12 batch 100/175 loss=0.8130
16:57:47   epoch 12 batch 150/175 loss=0.9487
16:57:48   epoch 13 batch 50/175 loss=1.1503
16:57:48   epoch 13 batch 100/175 loss=0.8795
16:57:49   epoch 13 batch 150/175 loss=1.1138
16:57:50   epoch 14 batch 50/175 loss=0.7483
16:57:51   epoch 14 batch 100/175 loss=0.9440
16:57:52   epoch 14 batch 150/175 loss=1.2620
16:57:53   epoch 15 batch 50/175 loss=0.9249
16:57:54   epoch 15 batch 100/175 loss=1.3656
16:57:54   epoch 15 batch 150/175 loss=0.8161
17:00:00 round 9/50 loss=1.2578 acc=0.4071 lr=0.00094 (161.5s, ETA 7627s)
17:00:01   epoch 1 batch 50/175 loss=1.4848
17:00:02   epoch 1 batch 100/175 loss=1.1991
17:00:02   epoch 1 batch 150/175 loss=1.2146
17:00:03   epoch 2 batch 50/175 loss=1.6139
17:00:04   epoch 2 batch 100/175 loss=1.3789
17:00:05   epoch 2 batch 150/175 loss=1.1097
17:00:06   epoch 3 batch 50/175 loss=1.2196
17:00:07   epoch 3 batch 100/175 loss=1.2359
17:00:07   epoch 3 batch 150/175 loss=1.0163
17:00:08   epoch 4 batch 50/175 loss=1.1405
17:00:09   epoch 4 batch 100/175 loss=0.9354
17:00:10   epoch 4 batch 150/175 loss=1.0112
17:00:11   epoch 5 batch 50/175 loss=1.1891
17:00:11   epoch 5 batch 100/175 loss=0.9976
17:00:12   epoch 5 batch 150/175 loss=0.8955
17:00:13   epoch 6 batch 50/175 loss=0.8671
17:00:14   epoch 6 batch 100/175 loss=1.0095
17:00:15   epoch 6 batch 150/175 loss=1.2378
17:00:16   epoch 7 batch 50/175 loss=1.4508
17:00:16   epoch 7 batch 100/175 loss=1.3471
17:00:17   epoch 7 batch 150/175 loss=1.0463
17:00:18   epoch 8 batch 50/175 loss=1.0973
17:00:19   epoch 8 batch 100/175 loss=1.1049
17:00:20   epoch 8 batch 150/175 loss=0.9433
17:00:21   epoch 9 batch 50/175 loss=1.3648
17:00:22   epoch 9 batch 100/175 loss=0.8830
17:00:22   epoch 9 batch 150/175 loss=0.9688
17:00:23   epoch 10 batch 50/175 loss=1.4351
17:00:24   epoch 10 batch 100/175 loss=1.0134
17:00:25   epoch 10 batch 150/175 loss=1.3064
17:00:26   epoch 11 batch 50/175 loss=0.8814
17:00:27   epoch 11 batch 100/175 loss=0.9995
17:00:27   epoch 11 batch 150/175 loss=0.9274
17:00:28   epoch 12 batch 50/175 loss=1.2507
17:00:29   epoch 12 batch 100/175 loss=1.1639
17:00:30   epoch 12 batch 150/175 loss=1.2588
17:00:31   epoch 13 batch 50/175 loss=0.9953
17:00:32   epoch 13 batch 100/175 loss=1.2784
17:00:32   epoch 13 batch 150/175 loss=1.1926
17:00:34   epoch 14 batch 50/175 loss=1.0779
17:00:34   epoch 14 batch 100/175 loss=1.0024
17:00:35   epoch 14 batch 150/175 loss=1.0254
17:00:36   epoch 15 batch 50/175 loss=0.8993
17:00:37   epoch 15 batch 100/175 loss=0.9665
17:00:37   epoch 15 batch 150/175 loss=1.0459
17:03:07 round 10/50 loss=1.2363 acc=0.4260 lr=0.00092 (187.0s, ETA 7445s)
17:03:08   epoch 1 batch 50/175 loss=1.1354
17:03:09   epoch 1 batch 100/175 loss=1.1854
17:03:10   epoch 1 batch 150/175 loss=1.0923
17:03:11   epoch 2 batch 50/175 loss=1.0460
17:03:12   epoch 2 batch 100/175 loss=1.1002
17:03:13   epoch 2 batch 150/175 loss=0.8647
17:03:14   epoch 3 batch 50/175 loss=1.3262
17:03:15   epoch 3 batch 100/175 loss=1.3618
17:03:16   epoch 3 batch 150/175 loss=1.2327
17:03:17   epoch 4 batch 50/175 loss=0.9834
17:03:18   epoch 4 batch 100/175 loss=0.9570
17:03:19   epoch 4 batch 150/175 loss=1.1726
17:03:20   epoch 5 batch 50/175 loss=0.9199
17:03:21   epoch 5 batch 100/175 loss=1.0483
17:03:22   epoch 5 batch 150/175 loss=1.2359
17:03:24   epoch 6 batch 50/175 loss=1.0515
17:03:24   epoch 6 batch 100/175 loss=0.9591
17:03:25   epoch 6 batch 150/175 loss=0.9916
17:03:27   epoch 7 batch 50/175 loss=0.9436
17:03:27   epoch 7 batch 100/175 loss=0.9222
17:03:28   epoch 7 batch 150/175 loss=1.0650
17:03:30   epoch 8 batch 50/175 loss=1.0416
17:03:30   epoch 8 batch 100/175 loss=0.9712
17:03:31   epoch 8 batch 150/175 loss=0.8384
17:03:32   epoch 9 batch 50/175 loss=1.3813
17:03:33   epoch 9 batch 100/175 loss=1.2629
17:03:34   epoch 9 batch 150/175 loss=1.2110
17:03:35   epoch 10 batch 50/175 loss=1.2757
17:03:36   epoch 10 batch 100/175 loss=1.1007
17:03:37   epoch 10 batch 150/175 loss=1.7192
17:03:38   epoch 11 batch 50/175 loss=1.2665
17:03:39   epoch 11 batch 100/175 loss=1.1509
17:03:40   epoch 11 batch 150/175 loss=1.5072
17:03:41   epoch 12 batch 50/175 loss=1.1963
17:03:42   epoch 12 batch 100/175 loss=1.4954
17:03:43   epoch 12 batch 150/175 loss=1.0099
17:03:44   epoch 13 batch 50/175 loss=1.3074
17:03:45   epoch 13 batch 100/175 loss=1.1526
17:03:46   epoch 13 batch 150/175 loss=1.1310
17:03:47   epoch 14 batch 50/175 loss=1.0308
17:03:48   epoch 14 batch 100/175 loss=1.0222
17:03:49   epoch 14 batch 150/175 loss=1.0489
17:03:50   epoch 15 batch 50/175 loss=0.9680
17:03:51   epoch 15 batch 100/175 loss=1.0096
17:03:52   epoch 15 batch 150/175 loss=1.2971
17:06:10 round 11/50 loss=1.2463 acc=0.4080 lr=0.00090 (183.0s, ETA 7248s)
17:06:11   epoch 1 batch 50/175 loss=1.2274
17:06:12   epoch 1 batch 100/175 loss=1.1225
17:06:12   epoch 1 batch 150/175 loss=1.2366
17:06:14   epoch 2 batch 50/175 loss=1.1328
17:06:15   epoch 2 batch 100/175 loss=0.9809
17:06:16   epoch 2 batch 150/175 loss=1.1669
17:06:17   epoch 3 batch 50/175 loss=1.0368
17:06:18   epoch 3 batch 100/175 loss=1.2260
17:06:19   epoch 3 batch 150/175 loss=0.9793
17:06:21   epoch 4 batch 50/175 loss=1.3089
17:06:22   epoch 4 batch 100/175 loss=1.0913
17:06:23   epoch 4 batch 150/175 loss=1.3139
17:06:24   epoch 5 batch 50/175 loss=1.1502
17:06:25   epoch 5 batch 100/175 loss=1.0139
17:06:26   epoch 5 batch 150/175 loss=1.1355
17:06:27   epoch 6 batch 50/175 loss=1.3958
17:06:28   epoch 6 batch 100/175 loss=0.9996
17:06:29   epoch 6 batch 150/175 loss=1.0979
17:06:30   epoch 7 batch 50/175 loss=1.4265
17:06:31   epoch 7 batch 100/175 loss=1.1266
17:06:32   epoch 7 batch 150/175 loss=1.0593
17:06:34   epoch 8 batch 50/175 loss=1.1507
17:06:34   epoch 8 batch 100/175 loss=1.0937
17:06:35   epoch 8 batch 150/175 loss=1.1467
17:06:37   epoch 9 batch 50/175 loss=1.1420
17:06:38   epoch 9 batch 100/175 loss=0.9102
17:06:39   epoch 9 batch 150/175 loss=1.0498
17:06:40   epoch 10 batch 50/175 loss=0.9317
17:06:41   epoch 10 batch 100/175 loss=1.0933
17:06:42   epoch 10 batch 150/175 loss=1.1284
17:06:44   epoch 11 batch 50/175 loss=1.1431
17:06:45   epoch 11 batch 100/175 loss=1.0089
17:06:46   epoch 11 batch 150/175 loss=1.0424
17:06:47   epoch 12 batch 50/175 loss=1.1426
17:06:48   epoch 12 batch 100/175 loss=0.9102
17:06:49   epoch 12 batch 150/175 loss=1.0571
17:06:51   epoch 13 batch 50/175 loss=1.2541
17:06:52   epoch 13 batch 100/175 loss=1.0043
17:06:53   epoch 13 batch 150/175 loss=0.9816
17:06:54   epoch 14 batch 50/175 loss=1.2456
17:06:55   epoch 14 batch 100/175 loss=1.0904
17:06:56   epoch 14 batch 150/175 loss=0.8517
17:06:58   epoch 15 batch 50/175 loss=1.2167
17:06:59   epoch 15 batch 100/175 loss=1.1092
17:07:00   epoch 15 batch 150/175 loss=1.1690
17:09:41 round 12/50 loss=1.2411 acc=0.4481 lr=0.00089 (210.9s, ETA 7141s)
17:09:42   epoch 1 batch 50/175 loss=1.3401
17:09:43   epoch 1 batch 100/175 loss=1.1074
17:09:44   epoch 1 batch 150/175 loss=1.1016
17:09:46   epoch 2 batch 50/175 loss=1.5491
17:09:47   epoch 2 batch 100/175 loss=1.2118
17:09:48   epoch 2 batch 150/175 loss=0.9154
17:09:49   epoch 3 batch 50/175 loss=1.1004
17:09:50   epoch 3 batch 100/175 loss=0.9021
17:09:51   epoch 3 batch 150/175 loss=0.9495
17:09:53   epoch 4 batch 50/175 loss=1.0272
17:09:53   epoch 4 batch 100/175 loss=1.2042
17:09:54   epoch 4 batch 150/175 loss=0.7879
17:09:56   epoch 5 batch 50/175 loss=1.1972
17:09:57   epoch 5 batch 100/175 loss=0.9460
17:09:58   epoch 5 batch 150/175 loss=0.8243
17:09:59   epoch 6 batch 50/175 loss=1.5997
17:10:00   epoch 6 batch 100/175 loss=1.4954
17:10:01   epoch 6 batch 150/175 loss=1.1452
17:10:02   epoch 7 batch 50/175 loss=1.0877
17:10:03   epoch 7 batch 100/175 loss=1.2561
17:10:04   epoch 7 batch 150/175 loss=1.3151
17:10:05   epoch 8 batch 50/175 loss=0.8948
17:10:06   epoch 8 batch 100/175 loss=1.2522
17:10:07   epoch 8 batch 150/175 loss=0.9889
17:10:08   epoch 9 batch 50/175 loss=1.0511
17:10:09   epoch 9 batch 100/175 loss=1.0625
17:10:10   epoch 9 batch 150/175 loss=1.0531
17:10:11   epoch 10 batch 50/175 loss=0.9622
17:10:12   epoch 10 batch 100/175 loss=1.1312
17:10:13   epoch 10 batch 150/175 loss=0.9380
17:10:14   epoch 11 batch 50/175 loss=0.8265
17:10:15   epoch 11 batch 100/175 loss=1.3518
17:10:16   epoch 11 batch 150/175 loss=1.2823
17:10:17   epoch 12 batch 50/175 loss=0.9365
17:10:18   epoch 12 batch 100/175 loss=1.0609
17:10:19   epoch 12 batch 150/175 loss=0.8004
17:10:20   epoch 13 batch 50/175 loss=1.0909
17:10:21   epoch 13 batch 100/175 loss=1.0810
17:10:22   epoch 13 batch 150/175 loss=1.0881
17:10:23   epoch 14 batch 50/175 loss=0.8440
17:10:24   epoch 14 batch 100/175 loss=1.1579
17:10:25   epoch 14 batch 150/175 loss=1.1950
17:10:26   epoch 15 batch 50/175 loss=0.9671
17:10:27   epoch 15 batch 100/175 loss=1.0826
17:10:28   epoch 15 batch 150/175 loss=0.8195
17:13:22 round 13/50 loss=1.2190 acc=0.4229 lr=0.00086 (220.5s, ETA 7046s)
17:13:23   epoch 1 batch 50/175 loss=1.3492
17:13:24   epoch 1 batch 100/175 loss=1.0716
17:13:25   epoch 1 batch 150/175 loss=1.0317
17:13:26   epoch 2 batch 50/175 loss=1.1067
17:13:27   epoch 2 batch 100/175 loss=1.1472
17:13:28   epoch 2 batch 150/175 loss=1.0988
17:13:30   epoch 3 batch 50/175 loss=1.1299
17:13:31   epoch 3 batch 100/175 loss=0.9775
17:13:32   epoch 3 batch 150/175 loss=1.3367
17:13:33   epoch 4 batch 50/175 loss=1.0962
17:13:34   epoch 4 batch 100/175 loss=1.1350
17:13:35   epoch 4 batch 150/175 loss=1.2415
17:13:36   epoch 5 batch 50/175 loss=1.0269
17:13:37   epoch 5 batch 100/175 loss=1.0025
17:13:38   epoch 5 batch 150/175 loss=1.1341
17:13:40   epoch 6 batch 50/175 loss=1.2181
17:13:41   epoch 6 batch 100/175 loss=0.9835
17:13:42   epoch 6 batch 150/175 loss=1.1706
17:13:43   epoch 7 batch 50/175 loss=0.9235
17:13:44   epoch 7 batch 100/175 loss=1.2030
17:13:45   epoch 7 batch 150/175 loss=1.0805
17:13:47   epoch 8 batch 50/175 loss=1.0473
17:13:47   epoch 8 batch 100/175 loss=1.1695
17:13:48   epoch 8 batch 150/175 loss=1.0606
17:13:50   epoch 9 batch 50/175 loss=1.1607
17:13:50   epoch 9 batch 100/175 loss=0.9099
17:13:51   epoch 9 batch 150/175 loss=1.1316
17:13:52   epoch 10 batch 50/175 loss=1.1360
17:13:53   epoch 10 batch 100/175 loss=1.1405
17:13:54   epoch 10 batch 150/175 loss=0.8910
17:13:55   epoch 11 batch 50/175 loss=1.0625
17:13:56   epoch 11 batch 100/175 loss=1.0577
17:13:57   epoch 11 batch 150/175 loss=1.0906
17:13:58   epoch 12 batch 50/175 loss=1.0015
17:13:59   epoch 12 batch 100/175 loss=1.0814
17:14:00   epoch 12 batch 150/175 loss=1.1139
17:14:02   epoch 13 batch 50/175 loss=1.3501
17:14:03   epoch 13 batch 100/175 loss=1.1681
17:14:03   epoch 13 batch 150/175 loss=1.1135
17:14:05   epoch 14 batch 50/175 loss=1.1990
17:14:05   epoch 14 batch 100/175 loss=1.3425
17:14:06   epoch 14 batch 150/175 loss=0.8978
17:14:07   epoch 15 batch 50/175 loss=1.2794
17:14:08   epoch 15 batch 100/175 loss=1.0610
17:14:09   epoch 15 batch 150/175 loss=1.1530
17:16:47 round 14/50 loss=1.2233 acc=0.4295 lr=0.00084 (205.7s, ETA 6895s)
17:16:48   epoch 1 batch 50/175 loss=1.3119
17:16:49   epoch 1 batch 100/175 loss=1.1299
17:16:50   epoch 1 batch 150/175 loss=1.2093
17:16:51   epoch 2 batch 50/175 loss=1.7037
17:16:52   epoch 2 batch 100/175 loss=1.1136
17:16:53   epoch 2 batch 150/175 loss=1.2722
17:16:54   epoch 3 batch 50/175 loss=1.0776
17:16:55   epoch 3 batch 100/175 loss=1.0928
17:16:56   epoch 3 batch 150/175 loss=1.2230
17:16:57   epoch 4 batch 50/175 loss=1.0339
17:16:58   epoch 4 batch 100/175 loss=1.1572
17:16:59   epoch 4 batch 150/175 loss=1.0486
17:17:00   epoch 5 batch 50/175 loss=0.8822
17:17:01   epoch 5 batch 100/175 loss=1.3464
17:17:02   epoch 5 batch 150/175 loss=0.9953
17:17:04   epoch 6 batch 50/175 loss=1.0280
17:17:04   epoch 6 batch 100/175 loss=0.8259
17:17:05   epoch 6 batch 150/175 loss=0.9538
17:17:07   epoch 7 batch 50/175 loss=1.0211
17:17:08   epoch 7 batch 100/175 loss=1.0086
17:17:09   epoch 7 batch 150/175 loss=1.1855
17:17:10   epoch 8 batch 50/175 loss=1.0697
17:17:11   epoch 8 batch 100/175 loss=1.1310
17:17:12   epoch 8 batch 150/175 loss=0.9618
17:17:13   epoch 9 batch 50/175 loss=1.4125
17:17:14   epoch 9 batch 100/175 loss=1.2893
17:17:15   epoch 9 batch 150/175 loss=1.2523
17:17:17   epoch 10 batch 50/175 loss=1.1582
17:17:18   epoch 10 batch 100/175 loss=1.0513
17:17:19   epoch 10 batch 150/175 loss=1.0191
17:17:20   epoch 11 batch 50/175 loss=1.5036
17:17:21   epoch 11 batch 100/175 loss=1.0325
17:17:22   epoch 11 batch 150/175 loss=1.0631
17:17:24   epoch 12 batch 50/175 loss=1.0139
17:17:25   epoch 12 batch 100/175 loss=1.0834
17:17:26   epoch 12 batch 150/175 loss=0.9678
17:17:27   epoch 13 batch 50/175 loss=1.1421
17:17:28   epoch 13 batch 100/175 loss=0.9346
17:17:29   epoch 13 batch 150/175 loss=1.1655
17:17:30   epoch 14 batch 50/175 loss=1.2300
17:17:31   epoch 14 batch 100/175 loss=0.8785
17:17:32   epoch 14 batch 150/175 loss=1.0757
17:17:33   epoch 15 batch 50/175 loss=1.0168
17:17:34   epoch 15 batch 100/175 loss=0.9810
17:17:35   epoch 15 batch 150/175 loss=0.9520
17:20:26 round 15/50 loss=1.2176 acc=0.3997 lr=0.00082 (218.8s, ETA 6767s)
17:20:27   epoch 1 batch 50/175 loss=1.3317
17:20:29   epoch 1 batch 100/175 loss=1.1459
17:20:30   epoch 1 batch 150/175 loss=1.0210
17:20:31   epoch 2 batch 50/175 loss=1.2274
17:20:32   epoch 2 batch 100/175 loss=1.3338
17:20:33   epoch 2 batch 150/175 loss=1.2437
17:20:34   epoch 3 batch 50/175 loss=1.3204
17:20:35   epoch 3 batch 100/175 loss=1.2205
17:20:36   epoch 3 batch 150/175 loss=1.2086
17:20:37   epoch 4 batch 50/175 loss=1.0375
17:20:38   epoch 4 batch 100/175 loss=1.0834
17:20:39   epoch 4 batch 150/175 loss=1.3731
17:20:41   epoch 5 batch 50/175 loss=0.9294
17:20:42   epoch 5 batch 100/175 loss=0.9768
17:20:43   epoch 5 batch 150/175 loss=1.0317
17:20:44   epoch 6 batch 50/175 loss=0.9809
17:20:45   epoch 6 batch 100/175 loss=1.1874
17:20:46   epoch 6 batch 150/175 loss=0.9968
17:20:47   epoch 7 batch 50/175 loss=1.5065
17:20:48   epoch 7 batch 100/175 loss=1.2556
17:20:49   epoch 7 batch 150/175 loss=1.1168
17:20:51   epoch 8 batch 50/175 loss=1.1034
17:20:52   epoch 8 batch 100/175 loss=1.2083
17:20:52   epoch 8 batch 150/175 loss=1.0975
17:20:54   epoch 9 batch 50/175 loss=1.6646
17:20:55   epoch 9 batch 100/175 loss=0.9960
17:20:56   epoch 9 batch 150/175 loss=1.0713
17:20:57   epoch 10 batch 50/175 loss=1.2393
17:20:58   epoch 10 batch 100/175 loss=0.9767
17:20:59   epoch 10 batch 150/175 loss=0.8003
17:21:00   epoch 11 batch 50/175 loss=1.5634
17:21:01   epoch 11 batch 100/175 loss=0.9911
17:21:02   epoch 11 batch 150/175 loss=1.2031
17:21:04   epoch 12 batch 50/175 loss=1.3038
17:21:05   epoch 12 batch 100/175 loss=1.0213
17:21:05   epoch 12 batch 150/175 loss=0.9720
17:21:07   epoch 13 batch 50/175 loss=0.9614
17:21:08   epoch 13 batch 100/175 loss=0.9232
17:21:09   epoch 13 batch 150/175 loss=0.9583
17:21:11   epoch 14 batch 50/175 loss=1.0905
17:21:12   epoch 14 batch 100/175 loss=1.1443
17:21:12   epoch 14 batch 150/175 loss=0.9901
17:21:14   epoch 15 batch 50/175 loss=1.1989
17:21:15   epoch 15 batch 100/175 loss=0.8722
17:21:15   epoch 15 batch 150/175 loss=1.2605
17:24:22 round 16/50 loss=1.2164 acc=0.4718 lr=0.00079 (235.6s, ETA 6663s)
17:24:23   epoch 1 batch 50/175 loss=1.4620
17:24:24   epoch 1 batch 100/175 loss=1.1668
17:24:25   epoch 1 batch 150/175 loss=0.9376
17:24:26   epoch 2 batch 50/175 loss=1.3872
17:24:27   epoch 2 batch 100/175 loss=1.0364
17:24:28   epoch 2 batch 150/175 loss=1.0832
17:24:30   epoch 3 batch 50/175 loss=1.1052
17:24:31   epoch 3 batch 100/175 loss=1.0684
17:24:32   epoch 3 batch 150/175 loss=1.1253
17:24:33   epoch 4 batch 50/175 loss=1.0363
17:24:34   epoch 4 batch 100/175 loss=2.1366
17:24:35   epoch 4 batch 150/175 loss=1.2866
17:24:37   epoch 5 batch 50/175 loss=1.0150
17:24:38   epoch 5 batch 100/175 loss=0.8957
17:24:39   epoch 5 batch 150/175 loss=0.9004
17:24:40   epoch 6 batch 50/175 loss=0.9948
17:24:41   epoch 6 batch 100/175 loss=0.9756
17:24:42   epoch 6 batch 150/175 loss=0.8372
17:24:43   epoch 7 batch 50/175 loss=0.9404
17:24:44   epoch 7 batch 100/175 loss=0.9847
17:24:45   epoch 7 batch 150/175 loss=1.4909
17:24:46   epoch 8 batch 50/175 loss=0.8065
17:24:47   epoch 8 batch 100/175 loss=0.9525
17:24:48   epoch 8 batch 150/175 loss=0.9247
17:24:49   epoch 9 batch 50/175 loss=1.2726
17:24:50   epoch 9 batch 100/175 loss=0.9486
17:24:51   epoch 9 batch 150/175 loss=0.9356
17:24:52   epoch 10 batch 50/175 loss=0.8980
17:24:53   epoch 10 batch 100/175 loss=1.1124
17:24:54   epoch 10 batch 150/175 loss=0.9654
17:24:55   epoch 11 batch 50/175 loss=1.1779
17:24:56   epoch 11 batch 100/175 loss=1.0527
17:24:57   epoch 11 batch 150/175 loss=0.9807
17:24:58   epoch 12 batch 50/175 loss=1.1439
17:24:59   epoch 12 batch 100/175 loss=1.1485
17:25:00   epoch 12 batch 150/175 loss=1.0822
17:25:01   epoch 13 batch 50/175 loss=0.8949
17:25:02   epoch 13 batch 100/175 loss=1.1563
17:25:02   epoch 13 batch 150/175 loss=1.0773
17:25:04   epoch 14 batch 50/175 loss=1.1445
17:25:04   epoch 14 batch 100/175 loss=1.2399
17:25:05   epoch 14 batch 150/175 loss=1.0832
17:25:06   epoch 15 batch 50/175 loss=0.9631
17:25:07   epoch 15 batch 100/175 loss=0.7794
17:25:08   epoch 15 batch 150/175 loss=0.8929
17:28:00 round 17/50 loss=1.1976 acc=0.4516 lr=0.00077 (218.7s, ETA 6512s)
17:28:01   epoch 1 batch 50/175 loss=1.3818
17:28:02   epoch 1 batch 100/175 loss=1.2940
17:28:03   epoch 1 batch 150/175 loss=0.8959
17:28:05   epoch 2 batch 50/175 loss=0.9371
17:28:06   epoch 2 batch 100/175 loss=0.9878
17:28:07   epoch 2 batch 150/175 loss=1.1736
17:28:08   epoch 3 batch 50/175 loss=0.9958
17:28:09   epoch 3 batch 100/175 loss=1.1473
17:28:10   epoch 3 batch 150/175 loss=1.1314
17:28:12   epoch 4 batch 50/175 loss=1.0573
17:28:13   epoch 4 batch 100/175 loss=1.1969
17:28:14   epoch 4 batch 150/175 loss=0.9237
17:28:15   epoch 5 batch 50/175 loss=1.1149
17:28:16   epoch 5 batch 100/175 loss=0.8649
17:28:17   epoch 5 batch 150/175 loss=1.0735
17:28:18   epoch 6 batch 50/175 loss=1.2543
17:28:19   epoch 6 batch 100/175 loss=0.9352
17:28:20   epoch 6 batch 150/175 loss=0.9812
17:28:22   epoch 7 batch 50/175 loss=1.2856
17:28:23   epoch 7 batch 100/175 loss=1.1793
17:28:24   epoch 7 batch 150/175 loss=1.0165
17:28:25   epoch 8 batch 50/175 loss=1.1112
17:28:26   epoch 8 batch 100/175 loss=1.1771
17:28:28   epoch 8 batch 150/175 loss=1.1338
17:28:30   epoch 9 batch 50/175 loss=1.0278
17:28:31   epoch 9 batch 100/175 loss=1.0790
17:28:32   epoch 9 batch 150/175 loss=1.2023
17:28:33   epoch 10 batch 50/175 loss=1.4232
17:28:34   epoch 10 batch 100/175 loss=1.1820
17:28:35   epoch 10 batch 150/175 loss=1.1870
17:28:37   epoch 11 batch 50/175 loss=1.0638
17:28:38   epoch 11 batch 100/175 loss=1.0181
17:28:39   epoch 11 batch 150/175 loss=0.9790
17:28:40   epoch 12 batch 50/175 loss=0.9187
17:28:41   epoch 12 batch 100/175 loss=0.9283
17:28:42   epoch 12 batch 150/175 loss=1.1622
17:28:43   epoch 13 batch 50/175 loss=1.2908
17:28:44   epoch 13 batch 100/175 loss=1.1672
17:28:45   epoch 13 batch 150/175 loss=0.9805
17:28:47   epoch 14 batch 50/175 loss=1.2070
17:28:48   epoch 14 batch 100/175 loss=0.8807
17:28:49   epoch 14 batch 150/175 loss=1.1801
17:28:50   epoch 15 batch 50/175 loss=1.1806
17:28:51   epoch 15 batch 100/175 loss=0.9892
17:28:52   epoch 15 batch 150/175 loss=1.0754
17:32:01 round 18/50 loss=1.2006 acc=0.4325 lr=0.00074 (240.8s, ETA 6392s)
17:32:02   epoch 1 batch 50/175 loss=1.3143
17:32:03   epoch 1 batch 100/175 loss=1.3148
17:32:04   epoch 1 batch 150/175 loss=1.1504
17:32:06   epoch 2 batch 50/175 loss=1.0325
17:32:07   epoch 2 batch 100/175 loss=1.2027
17:32:08   epoch 2 batch 150/175 loss=1.0275
17:32:09   epoch 3 batch 50/175 loss=1.3167
17:32:10   epoch 3 batch 100/175 loss=1.0314
17:32:11   epoch 3 batch 150/175 loss=0.9528
17:32:12   epoch 4 batch 50/175 loss=1.2308
17:32:13   epoch 4 batch 100/175 loss=1.0506
17:32:14   epoch 4 batch 150/175 loss=0.9582
17:32:16   epoch 5 batch 50/175 loss=0.9780
17:32:17   epoch 5 batch 100/175 loss=1.0898
17:32:18   epoch 5 batch 150/175 loss=1.0161
17:32:19   epoch 6 batch 50/175 loss=1.0048
17:32:20   epoch 6 batch 100/175 loss=0.8910
17:32:21   epoch 6 batch 150/175 loss=1.2484
17:32:23   epoch 7 batch 50/175 loss=0.9655
17:32:24   epoch 7 batch 100/175 loss=1.0906
17:32:25   epoch 7 batch 150/175 loss=0.9480
17:32:26   epoch 8 batch 50/175 loss=1.2364
17:32:27   epoch 8 batch 100/175 loss=0.9344
17:32:28   epoch 8 batch 150/175 loss=1.1012
17:32:30   epoch 9 batch 50/175 loss=1.0245
17:32:30   epoch 9 batch 100/175 loss=1.0668
17:32:31   epoch 9 batch 150/175 loss=1.0918
17:32:33   epoch 10 batch 50/175 loss=1.0218
17:32:34   epoch 10 batch 100/175 loss=1.6745
17:32:35   epoch 10 batch 150/175 loss=1.1069
17:32:36   epoch 11 batch 50/175 loss=1.2878
17:32:37   epoch 11 batch 100/175 loss=1.0082
17:32:38   epoch 11 batch 150/175 loss=0.9554
17:32:40   epoch 12 batch 50/175 loss=1.0156
17:32:41   epoch 12 batch 100/175 loss=1.0393
17:32:41   epoch 12 batch 150/175 loss=0.8352
17:32:43   epoch 13 batch 50/175 loss=1.2885
17:32:44   epoch 13 batch 100/175 loss=1.1257
17:32:45   epoch 13 batch 150/175 loss=1.2589
17:32:46   epoch 14 batch 50/175 loss=1.3023
17:32:47   epoch 14 batch 100/175 loss=1.0659
17:32:48   epoch 14 batch 150/175 loss=1.1382
17:32:50   epoch 15 batch 50/175 loss=0.9710
17:32:51   epoch 15 batch 100/175 loss=0.9675
17:32:52   epoch 15 batch 150/175 loss=0.7923
17:35:57 round 19/50 loss=1.2003 acc=0.4528 lr=0.00071 (235.2s, ETA 6250s)
17:35:57   epoch 1 batch 50/175 loss=1.2714
17:35:58   epoch 1 batch 100/175 loss=1.2092
17:35:59   epoch 1 batch 150/175 loss=1.0162
17:36:01   epoch 2 batch 50/175 loss=1.2375
17:36:02   epoch 2 batch 100/175 loss=1.3118
17:36:02   epoch 2 batch 150/175 loss=1.2467
17:36:04   epoch 3 batch 50/175 loss=1.1464
17:36:05   epoch 3 batch 100/175 loss=0.7994
17:36:06   epoch 3 batch 150/175 loss=1.1800
17:36:07   epoch 4 batch 50/175 loss=1.0159
17:36:08   epoch 4 batch 100/175 loss=1.1381
17:36:09   epoch 4 batch 150/175 loss=1.2215
17:36:10   epoch 5 batch 50/175 loss=1.2178
17:36:11   epoch 5 batch 100/175 loss=1.0498
17:36:12   epoch 5 batch 150/175 loss=0.9853
17:36:13   epoch 6 batch 50/175 loss=1.0204
17:36:14   epoch 6 batch 100/175 loss=0.9644
17:36:15   epoch 6 batch 150/175 loss=1.0929
17:36:17   epoch 7 batch 50/175 loss=1.4332
17:36:17   epoch 7 batch 100/175 loss=0.9151
17:36:18   epoch 7 batch 150/175 loss=1.0068
17:36:20   epoch 8 batch 50/175 loss=1.3050
17:36:21   epoch 8 batch 100/175 loss=0.9508
17:36:21   epoch 8 batch 150/175 loss=1.1102
17:36:23   epoch 9 batch 50/175 loss=0.9259
17:36:24   epoch 9 batch 100/175 loss=0.7893
17:36:25   epoch 9 batch 150/175 loss=0.9431
17:36:26   epoch 10 batch 50/175 loss=0.8636
17:36:27   epoch 10 batch 100/175 loss=0.9933
17:36:28   epoch 10 batch 150/175 loss=1.4638
17:36:29   epoch 11 batch 50/175 loss=0.6715
17:36:30   epoch 11 batch 100/175 loss=1.3070
17:36:31   epoch 11 batch 150/175 loss=1.5359
17:36:32   epoch 12 batch 50/175 loss=0.9970
17:36:33   epoch 12 batch 100/175 loss=1.0184
17:36:34   epoch 12 batch 150/175 loss=0.8375
17:36:35   epoch 13 batch 50/175 loss=1.1896
17:36:36   epoch 13 batch 100/175 loss=1.0650
17:36:37   epoch 13 batch 150/175 loss=0.9679
17:36:38   epoch 14 batch 50/175 loss=1.1909
17:36:39   epoch 14 batch 100/175 loss=0.9579
17:36:40   epoch 14 batch 150/175 loss=0.9162
17:36:41   epoch 15 batch 50/175 loss=0.8839
17:36:42   epoch 15 batch 100/175 loss=0.8688
17:36:43   epoch 15 batch 150/175 loss=1.0595
17:39:34 round 20/50 loss=1.1784 acc=0.4380 lr=0.00068 (217.0s, ETA 6071s)
17:39:35   epoch 1 batch 50/175 loss=1.2591
17:39:35   epoch 1 batch 100/175 loss=1.1866
17:39:36   epoch 1 batch 150/175 loss=1.1053
17:39:38   epoch 2 batch 50/175 loss=1.0433
17:39:39   epoch 2 batch 100/175 loss=0.8497
17:39:40   epoch 2 batch 150/175 loss=1.5284
17:39:41   epoch 3 batch 50/175 loss=1.1614
17:39:42   epoch 3 batch 100/175 loss=1.2296
17:39:43   epoch 3 batch 150/175 loss=0.7507
17:39:45   epoch 4 batch 50/175 loss=1.1903
17:39:46   epoch 4 batch 100/175 loss=0.9755
17:39:47   epoch 4 batch 150/175 loss=0.8560
17:39:48   epoch 5 batch 50/175 loss=1.1043
17:39:49   epoch 5 batch 100/175 loss=1.1885
17:39:50   epoch 5 batch 150/175 loss=0.9894
17:39:52   epoch 6 batch 50/175 loss=1.4403
17:39:52   epoch 6 batch 100/175 loss=1.0444
17:39:53   epoch 6 batch 150/175 loss=1.1720
17:39:55   epoch 7 batch 50/175 loss=0.8297
17:39:56   epoch 7 batch 100/175 loss=0.8668
17:39:57   epoch 7 batch 150/175 loss=1.0369
17:39:58   epoch 8 batch 50/175 loss=1.3309
17:39:59   epoch 8 batch 100/175 loss=1.0862
17:40:00   epoch 8 batch 150/175 loss=1.0910
17:40:02   epoch 9 batch 50/175 loss=1.4162
17:40:02   epoch 9 batch 100/175 loss=0.7652
17:40:03   epoch 9 batch 150/175 loss=1.1432
17:40:05   epoch 10 batch 50/175 loss=1.0127
17:40:06   epoch 10 batch 100/175 loss=0.8959
17:40:07   epoch 10 batch 150/175 loss=0.9357
17:40:08   epoch 11 batch 50/175 loss=1.4046
17:40:09   epoch 11 batch 100/175 loss=0.8977
17:40:10   epoch 11 batch 150/175 loss=1.1209
17:40:12   epoch 12 batch 50/175 loss=0.9686
17:40:13   epoch 12 batch 100/175 loss=0.9993
17:40:14   epoch 12 batch 150/175 loss=1.1107
17:40:15   epoch 13 batch 50/175 loss=0.9731
17:40:16   epoch 13 batch 100/175 loss=0.7664
17:40:17   epoch 13 batch 150/175 loss=0.8501
17:40:19   epoch 14 batch 50/175 loss=0.7831
17:40:20   epoch 14 batch 100/175 loss=1.2127
17:40:21   epoch 14 batch 150/175 loss=0.9798
17:40:22   epoch 15 batch 50/175 loss=0.9915
17:40:23   epoch 15 batch 100/175 loss=0.8718
17:40:24   epoch 15 batch 150/175 loss=1.3957
17:43:43 round 21/50 loss=1.1652 acc=0.4812 lr=0.00065 (249.2s, ETA 5933s)
17:43:44   epoch 1 batch 50/175 loss=1.2622
17:43:45   epoch 1 batch 100/175 loss=0.8992
17:43:46   epoch 1 batch 150/175 loss=1.2417
17:43:47   epoch 2 batch 50/175 loss=0.9244
17:43:48   epoch 2 batch 100/175 loss=2.0360
17:43:49   epoch 2 batch 150/175 loss=0.9054
17:43:51   epoch 3 batch 50/175 loss=1.3204
17:43:52   epoch 3 batch 100/175 loss=1.1095
17:43:53   epoch 3 batch 150/175 loss=1.0399
17:43:55   epoch 4 batch 50/175 loss=0.9302
17:43:56   epoch 4 batch 100/175 loss=1.3474
17:43:57   epoch 4 batch 150/175 loss=1.0585
17:43:59   epoch 5 batch 50/175 loss=0.9789
17:44:00   epoch 5 batch 100/175 loss=0.9601
17:44:01   epoch 5 batch 150/175 loss=1.0133
17:44:02   epoch 6 batch 50/175 loss=1.0262
17:44:03   epoch 6 batch 100/175 loss=0.9505
17:44:04   epoch 6 batch 150/175 loss=1.0114
17:44:06   epoch 7 batch 50/175 loss=1.2349
17:44:07   epoch 7 batch 100/175 loss=1.1091
17:44:08   epoch 7 batch 150/175 loss=0.8787
17:44:09   epoch 8 batch 50/175 loss=1.3739
17:44:10   epoch 8 batch 100/175 loss=1.7891
17:44:11   epoch 8 batch 150/175 loss=1.1327
17:44:12   epoch 9 batch 50/175 loss=1.4186
17:44:13   epoch 9 batch 100/175 loss=1.0192
17:44:14   epoch 9 batch 150/175 loss=1.2041
17:44:15   epoch 10 batch 50/175 loss=1.1245
17:44:16   epoch 10 batch 100/175 loss=1.1127
17:44:17   epoch 10 batch 150/175 loss=1.1848
17:44:19   epoch 11 batch 50/175 loss=1.1345
17:44:20   epoch 11 batch 100/175 loss=1.0797
17:44:20   epoch 11 batch 150/175 loss=1.0931
17:44:22   epoch 12 batch 50/175 loss=0.8510
17:44:23   epoch 12 batch 100/175 loss=0.9457
17:44:24   epoch 12 batch 150/175 loss=1.2658
17:44:25   epoch 13 batch 50/175 loss=1.1826
17:44:26   epoch 13 batch 100/175 loss=0.9564
17:44:27   epoch 13 batch 150/175 loss=1.0174
17:44:28   epoch 14 batch 50/175 loss=0.9571
17:44:29   epoch 14 batch 100/175 loss=0.8142
17:44:30   epoch 14 batch 150/175 loss=0.7977
17:44:31   epoch 15 batch 50/175 loss=0.8488
17:44:32   epoch 15 batch 100/175 loss=0.9872
17:44:34   epoch 15 batch 150/175 loss=0.8653
17:47:31 round 22/50 loss=1.1708 acc=0.4561 lr=0.00062 (228.6s, ETA 5759s)
17:47:32   epoch 1 batch 50/175 loss=1.1993
17:47:33   epoch 1 batch 100/175 loss=0.9433
17:47:34   epoch 1 batch 150/175 loss=1.1547
17:47:35   epoch 2 batch 50/175 loss=0.9605
17:47:36   epoch 2 batch 100/175 loss=1.2158
17:47:37   epoch 2 batch 150/175 loss=1.1653
17:47:39   epoch 3 batch 50/175 loss=1.3010
17:47:39   epoch 3 batch 100/175 loss=1.2210
17:47:40   epoch 3 batch 150/175 loss=1.0700
17:47:42   epoch 4 batch 50/175 loss=1.0132
17:47:43   epoch 4 batch 100/175 loss=1.1655
17:47:43   epoch 4 batch 150/175 loss=1.3956
17:47:45   epoch 5 batch 50/175 loss=0.9828
17:47:46   epoch 5 batch 100/175 loss=0.9605
17:47:47   epoch 5 batch 150/175 loss=1.2981
17:47:48   epoch 6 batch 50/175 loss=1.0523
17:47:49   epoch 6 batch 100/175 loss=1.0648
17:47:50   epoch 6 batch 150/175 loss=0.8910
17:47:51   epoch 7 batch 50/175 loss=2.5853
17:47:52   epoch 7 batch 100/175 loss=1.0961
17:47:53   epoch 7 batch 150/175 loss=0.8341
17:47:54   epoch 8 batch 50/175 loss=0.9053
17:47:55   epoch 8 batch 100/175 loss=1.1908
17:47:56   epoch 8 batch 150/175 loss=1.0219
17:47:57   epoch 9 batch 50/175 loss=1.2992
17:47:58   epoch 9 batch 100/175 loss=1.1335
17:47:59   epoch 9 batch 150/175 loss=1.0563
17:48:00   epoch 10 batch 50/175 loss=1.3087
17:48:01   epoch 10 batch 100/175 loss=0.9851
17:48:02   epoch 10 batch 150/175 loss=0.9488
17:48:04   epoch 11 batch 50/175 loss=1.3494
17:48:05   epoch 11 batch 100/175 loss=0.9743
17:48:05   epoch 11 batch 150/175 loss=1.1110
17:48:07   epoch 12 batch 50/175 loss=1.3827
17:48:08   epoch 12 batch 100/175 loss=0.8892
17:48:09   epoch 12 batch 150/175 loss=0.9889
17:48:10   epoch 13 batch 50/175 loss=2.0367
17:48:11   epoch 13 batch 100/175 loss=0.9559
17:48:12   epoch 13 batch 150/175 loss=1.0569
17:48:13   epoch 14 batch 50/175 loss=0.8272
17:48:15   epoch 14 batch 100/175 loss=0.8285
17:48:16   epoch 14 batch 150/175 loss=1.0823
17:48:20   epoch 15 batch 50/175 loss=0.9322
17:48:21   epoch 15 batch 100/175 loss=1.3723
17:48:23   epoch 15 batch 150/175 loss=0.8221
17:51:43 round 23/50 loss=1.1606 acc=0.4297 lr=0.00059 (251.7s, ETA 5608s)
17:51:44   epoch 1 batch 50/175 loss=1.3178
17:51:46   epoch 1 batch 100/175 loss=1.0692
17:51:47   epoch 1 batch 150/175 loss=1.2594
17:51:48   epoch 2 batch 50/175 loss=0.9825
17:51:49   epoch 2 batch 100/175 loss=1.0124
17:51:50   epoch 2 batch 150/175 loss=1.2229
17:51:51   epoch 3 batch 50/175 loss=1.2835
17:51:52   epoch 3 batch 100/175 loss=0.9080
17:51:53   epoch 3 batch 150/175 loss=0.7859
17:51:54   epoch 4 batch 50/175 loss=1.7473
17:51:55   epoch 4 batch 100/175 loss=1.6273
17:51:56   epoch 4 batch 150/175 loss=1.5312
17:51:57   epoch 5 batch 50/175 loss=1.3983
17:51:58   epoch 5 batch 100/175 loss=1.6606
17:51:59   epoch 5 batch 150/175 loss=1.3663
17:52:00   epoch 6 batch 50/175 loss=1.3245
17:52:01   epoch 6 batch 100/175 loss=1.3641
17:52:02   epoch 6 batch 150/175 loss=1.2063
17:52:03   epoch 7 batch 50/175 loss=1.1954
17:52:04   epoch 7 batch 100/175 loss=1.2138
17:52:05   epoch 7 batch 150/175 loss=1.3914
17:52:07   epoch 8 batch 50/175 loss=1.6593
17:52:08   epoch 8 batch 100/175 loss=1.0879
17:52:09   epoch 8 batch 150/175 loss=1.1433
17:52:11   epoch 9 batch 50/175 loss=1.2050
17:52:12   epoch 9 batch 100/175 loss=1.1871
17:52:13   epoch 9 batch 150/175 loss=1.1978
17:52:14   epoch 10 batch 50/175 loss=1.1672
17:52:15   epoch 10 batch 100/175 loss=1.0182
17:52:16   epoch 10 batch 150/175 loss=1.5148
17:52:18   epoch 11 batch 50/175 loss=0.9949
17:52:19   epoch 11 batch 100/175 loss=0.9566
17:52:20   epoch 11 batch 150/175 loss=1.5503
17:52:21   epoch 12 batch 50/175 loss=1.2355
17:52:22   epoch 12 batch 100/175 loss=1.1278
17:52:23   epoch 12 batch 150/175 loss=1.0226
17:52:25   epoch 13 batch 50/175 loss=1.1474
17:52:26   epoch 13 batch 100/175 loss=1.1598
17:52:27   epoch 13 batch 150/175 loss=1.0592
17:52:29   epoch 14 batch 50/175 loss=0.9764
17:52:30   epoch 14 batch 100/175 loss=1.1446
17:52:31   epoch 14 batch 150/175 loss=0.9409
17:52:32   epoch 15 batch 50/175 loss=1.2201
17:52:33   epoch 15 batch 100/175 loss=1.1946
17:52:34   epoch 15 batch 150/175 loss=1.1624
17:55:31 round 24/50 loss=1.1925 acc=0.3913 lr=0.00056 (227.8s, ETA 5422s)
17:55:32   epoch 1 batch 50/175 loss=1.4085
17:55:33   epoch 1 batch 100/175 loss=1.0748
17:55:34   epoch 1 batch 150/175 loss=1.1828
17:55:35   epoch 2 batch 50/175 loss=0.8155
17:55:36   epoch 2 batch 100/175 loss=0.9127
17:55:37   epoch 2 batch 150/175 loss=1.0740
17:55:38   epoch 3 batch 50/175 loss=1.1052
17:55:39   epoch 3 batch 100/175 loss=1.2663
17:55:40   epoch 3 batch 150/175 loss=1.1862
17:55:41   epoch 4 batch 50/175 loss=1.2322
17:55:42   epoch 4 batch 100/175 loss=1.1170
17:55:43   epoch 4 batch 150/175 loss=1.1541
17:55:44   epoch 5 batch 50/175 loss=1.2857
17:55:45   epoch 5 batch 100/175 loss=1.3733
17:55:46   epoch 5 batch 150/175 loss=0.9256
17:55:47   epoch 6 batch 50/175 loss=0.9949
17:55:48   epoch 6 batch 100/175 loss=0.9622
17:55:49   epoch 6 batch 150/175 loss=0.9535
17:55:50   epoch 7 batch 50/175 loss=1.1036
17:55:51   epoch 7 batch 100/175 loss=0.8365
17:55:52   epoch 7 batch 150/175 loss=0.9262
17:55:53   epoch 8 batch 50/175 loss=1.1260
17:55:54   epoch 8 batch 100/175 loss=1.0300
17:55:55   epoch 8 batch 150/175 loss=1.1151
17:55:56   epoch 9 batch 50/175 loss=1.0444
17:55:57   epoch 9 batch 100/175 loss=0.9528
17:55:58   epoch 9 batch 150/175 loss=0.9755
17:55:59   epoch 10 batch 50/175 loss=1.0774
17:56:00   epoch 10 batch 100/175 loss=0.9780
17:56:01   epoch 10 batch 150/175 loss=1.0096
17:56:03   epoch 11 batch 50/175 loss=1.0766
17:56:03   epoch 11 batch 100/175 loss=1.0506
17:56:04   epoch 11 batch 150/175 loss=1.0257
17:56:05   epoch 12 batch 50/175 loss=1.2384
17:56:06   epoch 12 batch 100/175 loss=0.7344
17:56:07   epoch 12 batch 150/175 loss=1.2292
17:56:08   epoch 13 batch 50/175 loss=1.1411
17:56:09   epoch 13 batch 100/175 loss=1.1218
17:56:10   epoch 13 batch 150/175 loss=0.9188
17:56:11   epoch 14 batch 50/175 loss=1.3863
17:56:12   epoch 14 batch 100/175 loss=0.9753
17:56:13   epoch 14 batch 150/175 loss=0.8676
17:56:14   epoch 15 batch 50/175 loss=1.2802
17:56:15   epoch 15 batch 100/175 loss=0.7414
17:56:15   epoch 15 batch 150/175 loss=1.0246
17:59:04 round 25/50 loss=1.1562 acc=0.4758 lr=0.00053 (213.1s, ETA 5218s)
17:59:05   epoch 1 batch 50/175 loss=1.3369
17:59:06   epoch 1 batch 100/175 loss=0.9824
17:59:07   epoch 1 batch 150/175 loss=1.0251
17:59:08   epoch 2 batch 50/175 loss=1.0912
17:59:09   epoch 2 batch 100/175 loss=0.9470
17:59:11   epoch 2 batch 150/175 loss=0.8095
17:59:13   epoch 3 batch 50/175 loss=1.0158
17:59:14   epoch 3 batch 100/175 loss=0.9221
17:59:15   epoch 3 batch 150/175 loss=1.0681
17:59:16   epoch 4 batch 50/175 loss=1.0381
17:59:17   epoch 4 batch 100/175 loss=1.1069
17:59:18   epoch 4 batch 150/175 loss=0.8408
17:59:19   epoch 5 batch 50/175 loss=1.2044
17:59:20   epoch 5 batch 100/175 loss=0.8804
17:59:21   epoch 5 batch 150/175 loss=0.8222
17:59:23   epoch 6 batch 50/175 loss=1.1788
17:59:24   epoch 6 batch 100/175 loss=0.9423
17:59:25   epoch 6 batch 150/175 loss=0.8951
17:59:26   epoch 7 batch 50/175 loss=1.5598
17:59:27   epoch 7 batch 100/175 loss=1.1061
17:59:28   epoch 7 batch 150/175 loss=1.0775
17:59:29   epoch 8 batch 50/175 loss=1.1995
17:59:30   epoch 8 batch 100/175 loss=1.0182
17:59:31   epoch 8 batch 150/175 loss=1.0701
17:59:33   epoch 9 batch 50/175 loss=1.3068
17:59:34   epoch 9 batch 100/175 loss=1.0420
17:59:34   epoch 9 batch 150/175 loss=1.0893
17:59:36   epoch 10 batch 50/175 loss=1.0572
17:59:37   epoch 10 batch 100/175 loss=0.9939
17:59:38   epoch 10 batch 150/175 loss=1.0629
17:59:39   epoch 11 batch 50/175 loss=1.5956
17:59:41   epoch 11 batch 100/175 loss=1.0027
17:59:42   epoch 11 batch 150/175 loss=1.1775
17:59:43   epoch 12 batch 50/175 loss=1.3623
17:59:44   epoch 12 batch 100/175 loss=1.0866
17:59:45   epoch 12 batch 150/175 loss=1.1068
17:59:46   epoch 13 batch 50/175 loss=1.0563
17:59:47   epoch 13 batch 100/175 loss=0.9976
17:59:48   epoch 13 batch 150/175 loss=0.9595
17:59:50   epoch 14 batch 50/175 loss=1.0444
17:59:51   epoch 14 batch 100/175 loss=0.9172
17:59:52   epoch 14 batch 150/175 loss=1.0928
17:59:53   epoch 15 batch 50/175 loss=0.9270
17:59:54   epoch 15 batch 100/175 loss=0.9709
17:59:55   epoch 15 batch 150/175 loss=0.9157
18:02:54 round 26/50 loss=1.1508 acc=0.4603 lr=0.00050 (230.0s, ETA 5029s)
18:02:55   epoch 1 batch 50/175 loss=1.3236
18:02:56   epoch 1 batch 100/175 loss=1.1302
18:02:57   epoch 1 batch 150/175 loss=1.5316
18:02:58   epoch 2 batch 50/175 loss=0.9941
18:02:59   epoch 2 batch 100/175 loss=1.0066
18:03:00   epoch 2 batch 150/175 loss=1.2999
18:03:02   epoch 3 batch 50/175 loss=1.4476
18:03:03   epoch 3 batch 100/175 loss=1.3042
18:03:04   epoch 3 batch 150/175 loss=1.3163
18:03:05   epoch 4 batch 50/175 loss=0.9320
18:03:06   epoch 4 batch 100/175 loss=1.1759
18:03:07   epoch 4 batch 150/175 loss=1.2597
18:03:09   epoch 5 batch 50/175 loss=0.9502
18:03:10   epoch 5 batch 100/175 loss=0.8621
18:03:11   epoch 5 batch 150/175 loss=1.0496
18:03:12   epoch 6 batch 50/175 loss=1.2331
18:03:13   epoch 6 batch 100/175 loss=0.8321
18:03:14   epoch 6 batch 150/175 loss=0.9796
18:03:16   epoch 7 batch 50/175 loss=1.0665
18:03:17   epoch 7 batch 100/175 loss=0.9003
18:03:18   epoch 7 batch 150/175 loss=1.3048
18:03:19   epoch 8 batch 50/175 loss=0.9512
18:03:20   epoch 8 batch 100/175 loss=0.7851
18:03:21   epoch 8 batch 150/175 loss=0.9256
18:03:22   epoch 9 batch 50/175 loss=1.0660
18:03:23   epoch 9 batch 100/175 loss=1.6462
18:03:24   epoch 9 batch 150/175 loss=0.9862
18:03:25   epoch 10 batch 50/175 loss=1.1446
18:03:26   epoch 10 batch 100/175 loss=1.0765
18:03:27   epoch 10 batch 150/175 loss=1.1192
18:03:29   epoch 11 batch 50/175 loss=0.9243
18:03:29   epoch 11 batch 100/175 loss=0.8372
18:03:30   epoch 11 batch 150/175 loss=0.9470
18:03:32   epoch 12 batch 50/175 loss=0.9362
18:03:33   epoch 12 batch 100/175 loss=1.0108
18:03:33   epoch 12 batch 150/175 loss=1.1851
18:03:35   epoch 13 batch 50/175 loss=0.7979
18:03:35   epoch 13 batch 100/175 loss=1.0916
18:03:36   epoch 13 batch 150/175 loss=1.0863
18:03:37   epoch 14 batch 50/175 loss=0.7550
18:03:38   epoch 14 batch 100/175 loss=0.7052
18:03:39   epoch 14 batch 150/175 loss=0.6729
18:03:41   epoch 15 batch 50/175 loss=1.1652
18:03:41   epoch 15 batch 100/175 loss=0.8884
18:03:42   epoch 15 batch 150/175 loss=1.4961
18:06:26 round 27/50 loss=1.1349 acc=0.4991 lr=0.00047 (212.4s, ETA 4822s)
18:06:27   epoch 1 batch 50/175 loss=1.2114
18:06:28   epoch 1 batch 100/175 loss=0.9657
18:06:29   epoch 1 batch 150/175 loss=1.8726
18:06:30   epoch 2 batch 50/175 loss=0.8995
18:06:31   epoch 2 batch 100/175 loss=2.2314
18:06:31   epoch 2 batch 150/175 loss=0.7967
18:06:33   epoch 3 batch 50/175 loss=1.7258
18:06:33   epoch 3 batch 100/175 loss=1.3294
18:06:34   epoch 3 batch 150/175 loss=2.0091
18:06:35   epoch 4 batch 50/175 loss=1.1371
18:06:36   epoch 4 batch 100/175 loss=1.0917
18:06:37   epoch 4 batch 150/175 loss=1.0196
18:06:38   epoch 5 batch 50/175 loss=0.7950
18:06:39   epoch 5 batch 100/175 loss=1.1637
18:06:40   epoch 5 batch 150/175 loss=1.0588
18:06:41   epoch 6 batch 50/175 loss=0.9496
18:06:42   epoch 6 batch 100/175 loss=0.8874
18:06:42   epoch 6 batch 150/175 loss=0.9954
18:06:44   epoch 7 batch 50/175 loss=1.4447
18:06:44   epoch 7 batch 100/175 loss=0.7411
18:06:45   epoch 7 batch 150/175 loss=0.9815
18:06:46   epoch 8 batch 50/175 loss=1.1049
18:06:47   epoch 8 batch 100/175 loss=1.0347
18:06:48   epoch 8 batch 150/175 loss=1.1166
18:06:49   epoch 9 batch 50/175 loss=1.3138
18:06:49   epoch 9 batch 100/175 loss=1.3042
18:06:50   epoch 9 batch 150/175 loss=0.9750
18:06:51   epoch 10 batch 50/175 loss=1.1240
18:06:52   epoch 10 batch 100/175 loss=1.3057
18:06:53   epoch 10 batch 150/175 loss=1.1855
18:06:54   epoch 11 batch 50/175 loss=0.8750
18:06:55   epoch 11 batch 100/175 loss=1.0548
18:06:55   epoch 11 batch 150/175 loss=1.1014
18:06:56   epoch 12 batch 50/175 loss=0.9812
18:06:57   epoch 12 batch 100/175 loss=1.2375
18:06:58   epoch 12 batch 150/175 loss=0.8455
18:06:59   epoch 13 batch 50/175 loss=1.0839
18:07:00   epoch 13 batch 100/175 loss=0.9846
18:07:00   epoch 13 batch 150/175 loss=1.4851
18:07:01   epoch 14 batch 50/175 loss=0.9881
18:07:02   epoch 14 batch 100/175 loss=1.0349
18:07:03   epoch 14 batch 150/175 loss=0.7344
18:07:04   epoch 15 batch 50/175 loss=1.0472
18:07:05   epoch 15 batch 100/175 loss=0.9485
18:07:05   epoch 15 batch 150/175 loss=0.9300
18:09:32 round 28/50 loss=1.1282 acc=0.4895 lr=0.00044 (185.8s, ETA 4593s)
18:09:33   epoch 1 batch 50/175 loss=1.2244
18:09:34   epoch 1 batch 100/175 loss=1.2538
18:09:35   epoch 1 batch 150/175 loss=0.9630
18:09:36   epoch 2 batch 50/175 loss=1.2359
18:09:37   epoch 2 batch 100/175 loss=0.8332
18:09:37   epoch 2 batch 150/175 loss=1.4746
18:09:39   epoch 3 batch 50/175 loss=1.0105
18:09:39   epoch 3 batch 100/175 loss=0.9395
18:09:40   epoch 3 batch 150/175 loss=1.2777
18:09:41   epoch 4 batch 50/175 loss=0.8562
18:09:42   epoch 4 batch 100/175 loss=1.1257
18:09:43   epoch 4 batch 150/175 loss=1.0530
18:09:44   epoch 5 batch 50/175 loss=1.0184
18:09:45   epoch 5 batch 100/175 loss=0.7672
18:09:46   epoch 5 batch 150/175 loss=0.9847
18:09:47   epoch 6 batch 50/175 loss=0.7187
18:09:48   epoch 6 batch 100/175 loss=0.9988
18:09:49   epoch 6 batch 150/175 loss=1.0476
18:09:50   epoch 7 batch 50/175 loss=2.4306
18:09:51   epoch 7 batch 100/175 loss=1.0652
18:09:51   epoch 7 batch 150/175 loss=1.5007
18:09:52   epoch 8 batch 50/175 loss=1.1105
18:09:53   epoch 8 batch 100/175 loss=1.1921
18:09:54   epoch 8 batch 150/175 loss=1.1670
18:09:55   epoch 9 batch 50/175 loss=0.9279
18:09:56   epoch 9 batch 100/175 loss=1.6091
18:09:57   epoch 9 batch 150/175 loss=1.1324
18:09:58   epoch 10 batch 50/175 loss=0.9738
18:09:59   epoch 10 batch 100/175 loss=1.1190
18:10:00   epoch 10 batch 150/175 loss=1.0715
18:10:01   epoch 11 batch 50/175 loss=1.2534
18:10:02   epoch 11 batch 100/175 loss=1.0497
18:10:03   epoch 11 batch 150/175 loss=1.1846
18:10:04   epoch 12 batch 50/175 loss=0.9493
18:10:05   epoch 12 batch 100/175 loss=0.9658
18:10:05   epoch 12 batch 150/175 loss=0.9694
18:10:07   epoch 13 batch 50/175 loss=0.9979
18:10:07   epoch 13 batch 100/175 loss=1.0467
18:10:08   epoch 13 batch 150/175 loss=0.8737
18:10:09   epoch 14 batch 50/175 loss=1.1254
18:10:10   epoch 14 batch 100/175 loss=1.0712
18:10:11   epoch 14 batch 150/175 loss=1.0190
18:10:12   epoch 15 batch 50/175 loss=0.8771
18:10:13   epoch 15 batch 100/175 loss=0.9052
18:10:14   epoch 15 batch 150/175 loss=0.9210
18:12:45 round 29/50 loss=1.1234 acc=0.5047 lr=0.00041 (193.1s, ETA 4373s)
18:12:46   epoch 1 batch 50/175 loss=1.1394
18:12:47   epoch 1 batch 100/175 loss=1.1379
18:12:48   epoch 1 batch 150/175 loss=1.2136
18:12:49   epoch 2 batch 50/175 loss=1.1291
18:12:50   epoch 2 batch 100/175 loss=0.9084
18:12:51   epoch 2 batch 150/175 loss=0.8550
18:12:52   epoch 3 batch 50/175 loss=1.7255
18:12:53   epoch 3 batch 100/175 loss=0.9667
18:12:53   epoch 3 batch 150/175 loss=0.8854
18:12:55   epoch 4 batch 50/175 loss=1.0686
18:12:56   epoch 4 batch 100/175 loss=0.7746
18:12:56   epoch 4 batch 150/175 loss=1.3968
18:12:58   epoch 5 batch 50/175 loss=1.1787
18:12:58   epoch 5 batch 100/175 loss=0.9428
18:12:59   epoch 5 batch 150/175 loss=1.4789
18:13:01   epoch 6 batch 50/175 loss=0.8422
18:13:01   epoch 6 batch 100/175 loss=1.0455
18:13:02   epoch 6 batch 150/175 loss=0.8326
18:13:04   epoch 7 batch 50/175 loss=1.1422
18:13:04   epoch 7 batch 100/175 loss=1.0761
18:13:05   epoch 7 batch 150/175 loss=0.9199
18:13:06   epoch 8 batch 50/175 loss=1.0199
18:13:07   epoch 8 batch 100/175 loss=0.7449
18:13:08   epoch 8 batch 150/175 loss=0.6962
18:13:09   epoch 9 batch 50/175 loss=0.8339
18:13:10   epoch 9 batch 100/175 loss=1.4160
18:13:11   epoch 9 batch 150/175 loss=0.9877
18:13:12   epoch 10 batch 50/175 loss=1.1241
18:13:13   epoch 10 batch 100/175 loss=1.0422
18:13:14   epoch 10 batch 150/175 loss=0.9144
18:13:15   epoch 11 batch 50/175 loss=0.8192
18:13:16   epoch 11 batch 100/175 loss=0.8856
18:13:17   epoch 11 batch 150/175 loss=0.8858
18:13:18   epoch 12 batch 50/175 loss=0.8904
18:13:19   epoch 12 batch 100/175 loss=1.1934
18:13:19   epoch 12 batch 150/175 loss=1.0932
18:13:21   epoch 13 batch 50/175 loss=1.2408
18:13:21   epoch 13 batch 100/175 loss=0.9055
18:13:22   epoch 13 batch 150/175 loss=0.8008
18:13:24   epoch 14 batch 50/175 loss=0.9115
18:13:24   epoch 14 batch 100/175 loss=0.8891
18:13:25   epoch 14 batch 150/175 loss=0.7346
18:13:26   epoch 15 batch 50/175 loss=0.6970
18:13:27   epoch 15 batch 100/175 loss=0.8710
18:13:28   epoch 15 batch 150/175 loss=0.9420
18:16:02 round 30/50 loss=1.1051 acc=0.4900 lr=0.00038 (196.7s, ETA 4157s)
18:16:03   epoch 1 batch 50/175 loss=1.3380
18:16:04   epoch 1 batch 100/175 loss=1.0692
18:16:05   epoch 1 batch 150/175 loss=1.0109
18:16:06   epoch 2 batch 50/175 loss=1.0992
18:16:07   epoch 2 batch 100/175 loss=1.2899
18:16:08   epoch 2 batch 150/175 loss=1.4477
18:16:09   epoch 3 batch 50/175 loss=0.9330
18:16:10   epoch 3 batch 100/175 loss=1.0935
18:16:11   epoch 3 batch 150/175 loss=0.8776
18:16:12   epoch 4 batch 50/175 loss=1.0724
18:16:13   epoch 4 batch 100/175 loss=0.8736
18:16:13   epoch 4 batch 150/175 loss=0.8651
18:16:15   epoch 5 batch 50/175 loss=0.7527
18:16:16   epoch 5 batch 100/175 loss=0.9528
18:16:16   epoch 5 batch 150/175 loss=1.0671
18:16:18   epoch 6 batch 50/175 loss=1.0626
18:16:18   epoch 6 batch 100/175 loss=1.0582
18:16:19   epoch 6 batch 150/175 loss=1.0857
18:16:20   epoch 7 batch 50/175 loss=1.0036
18:16:21   epoch 7 batch 100/175 loss=0.7604
18:16:22   epoch 7 batch 150/175 loss=1.0211
18:16:23   epoch 8 batch 50/175 loss=0.9939
18:16:24   epoch 8 batch 100/175 loss=0.8774
18:16:25   epoch 8 batch 150/175 loss=1.1693
18:16:26   epoch 9 batch 50/175 loss=1.0008
18:16:27   epoch 9 batch 100/175 loss=0.9137
18:16:28   epoch 9 batch 150/175 loss=1.0391
18:16:29   epoch 10 batch 50/175 loss=1.1005
18:16:30   epoch 10 batch 100/175 loss=1.8010
18:16:31   epoch 10 batch 150/175 loss=0.9236
18:16:32   epoch 11 batch 50/175 loss=0.7750
18:16:33   epoch 11 batch 100/175 loss=1.1296
18:16:33   epoch 11 batch 150/175 loss=0.8532
18:16:34   epoch 12 batch 50/175 loss=0.8293
18:16:35   epoch 12 batch 100/175 loss=0.8071
18:16:36   epoch 12 batch 150/175 loss=0.7936
18:16:37   epoch 13 batch 50/175 loss=0.8561
18:16:38   epoch 13 batch 100/175 loss=1.0370
18:16:39   epoch 13 batch 150/175 loss=0.7943
18:16:40   epoch 14 batch 50/175 loss=0.9151
18:16:41   epoch 14 batch 100/175 loss=1.0849
18:16:42   epoch 14 batch 150/175 loss=0.9234
18:16:43   epoch 15 batch 50/175 loss=0.9318
18:16:44   epoch 15 batch 100/175 loss=0.7960
18:16:44   epoch 15 batch 150/175 loss=0.8720
18:19:20 round 31/50 loss=1.1031 acc=0.4865 lr=0.00035 (197.7s, ETA 3943s)
18:19:20   epoch 1 batch 50/175 loss=1.4515
18:19:21   epoch 1 batch 100/175 loss=0.8482
18:19:22   epoch 1 batch 150/175 loss=1.1492
18:19:23   epoch 2 batch 50/175 loss=0.8082
18:19:24   epoch 2 batch 100/175 loss=0.9795
18:19:25   epoch 2 batch 150/175 loss=0.8605
18:19:27   epoch 3 batch 50/175 loss=1.2418
18:19:27   epoch 3 batch 100/175 loss=1.2115
18:19:28   epoch 3 batch 150/175 loss=1.2783
18:19:30   epoch 4 batch 50/175 loss=1.0501
18:19:30   epoch 4 batch 100/175 loss=1.6337
18:19:31   epoch 4 batch 150/175 loss=1.2328
18:19:32   epoch 5 batch 50/175 loss=1.0703
18:19:33   epoch 5 batch 100/175 loss=0.9355
18:19:34   epoch 5 batch 150/175 loss=1.1653
18:19:35   epoch 6 batch 50/175 loss=1.1902
18:19:36   epoch 6 batch 100/175 loss=1.1691
18:19:37   epoch 6 batch 150/175 loss=1.0936
18:19:38   epoch 7 batch 50/175 loss=1.1830
18:19:39   epoch 7 batch 100/175 loss=1.0222
18:19:40   epoch 7 batch 150/175 loss=1.0511
18:19:41   epoch 8 batch 50/175 loss=1.0919
18:19:42   epoch 8 batch 100/175 loss=1.0801
18:19:43   epoch 8 batch 150/175 loss=0.9851
18:19:44   epoch 9 batch 50/175 loss=0.9471
18:19:45   epoch 9 batch 100/175 loss=0.9348
18:19:45   epoch 9 batch 150/175 loss=0.9651
18:19:47   epoch 10 batch 50/175 loss=0.9370
18:19:48   epoch 10 batch 100/175 loss=1.2514
18:19:48   epoch 10 batch 150/175 loss=1.5782
18:19:50   epoch 11 batch 50/175 loss=0.9410
18:19:50   epoch 11 batch 100/175 loss=0.9120
18:19:51   epoch 11 batch 150/175 loss=1.0780
18:19:52   epoch 12 batch 50/175 loss=0.8366
18:19:53   epoch 12 batch 100/175 loss=0.8842
18:19:54   epoch 12 batch 150/175 loss=0.8921
18:19:55   epoch 13 batch 50/175 loss=0.8904
18:19:56   epoch 13 batch 100/175 loss=0.8450
18:19:57   epoch 13 batch 150/175 loss=0.9241
18:19:59   epoch 14 batch 50/175 loss=0.9645
18:19:59   epoch 14 batch 100/175 loss=1.7131
18:20:00   epoch 14 batch 150/175 loss=0.9045
18:20:01   epoch 15 batch 50/175 loss=0.7181
18:20:02   epoch 15 batch 100/175 loss=0.9000
18:20:03   epoch 15 batch 150/175 loss=0.9648
18:22:40 round 32/50 loss=1.1193 acc=0.4893 lr=0.00032 (200.6s, ETA 3732s)
18:22:41   epoch 1 batch 50/175 loss=1.5983
18:22:42   epoch 1 batch 100/175 loss=1.1437
18:22:42   epoch 1 batch 150/175 loss=1.4081
18:22:43   epoch 2 batch 50/175 loss=0.9935
18:22:44   epoch 2 batch 100/175 loss=1.3293
18:22:45   epoch 2 batch 150/175 loss=0.9318
18:22:46   epoch 3 batch 50/175 loss=1.0117
18:22:47   epoch 3 batch 100/175 loss=1.0779
18:22:48   epoch 3 batch 150/175 loss=1.0127
18:22:49   epoch 4 batch 50/175 loss=1.1299
18:22:50   epoch 4 batch 100/175 loss=1.1201
18:22:51   epoch 4 batch 150/175 loss=1.0463
18:22:52   epoch 5 batch 50/175 loss=0.8916
18:22:53   epoch 5 batch 100/175 loss=0.8285
18:22:53   epoch 5 batch 150/175 loss=1.0323
18:22:54   epoch 6 batch 50/175 loss=0.8879
18:22:55   epoch 6 batch 100/175 loss=0.8668
18:22:56   epoch 6 batch 150/175 loss=1.0629
18:22:57   epoch 7 batch 50/175 loss=1.0331
18:22:58   epoch 7 batch 100/175 loss=1.0672
18:22:58   epoch 7 batch 150/175 loss=0.8816
18:23:00   epoch 8 batch 50/175 loss=1.5137
18:23:00   epoch 8 batch 100/175 loss=1.0097
18:23:01   epoch 8 batch 150/175 loss=0.8336
18:23:02   epoch 9 batch 50/175 loss=1.4831
18:23:03   epoch 9 batch 100/175 loss=1.0921
18:23:04   epoch 9 batch 150/175 loss=0.7720
18:23:05   epoch 10 batch 50/175 loss=0.7762
18:23:06   epoch 10 batch 100/175 loss=0.9222
18:23:07   epoch 10 batch 150/175 loss=0.9284
18:23:08   epoch 11 batch 50/175 loss=1.0926
18:23:08   epoch 11 batch 100/175 loss=0.9882
18:23:09   epoch 11 batch 150/175 loss=0.8244
18:23:10   epoch 12 batch 50/175 loss=1.1318
18:23:11   epoch 12 batch 100/175 loss=1.0018
18:23:12   epoch 12 batch 150/175 loss=1.0872
18:23:13   epoch 13 batch 50/175 loss=1.1299
18:23:14   epoch 13 batch 100/175 loss=0.8629
18:23:14   epoch 13 batch 150/175 loss=0.9980
18:23:16   epoch 14 batch 50/175 loss=1.3405
18:23:17   epoch 14 batch 100/175 loss=1.2006
18:23:17   epoch 14 batch 150/175 loss=0.7877
18:23:19   epoch 15 batch 50/175 loss=0.9080
18:23:20   epoch 15 batch 100/175 loss=1.1240
18:23:21   epoch 15 batch 150/175 loss=1.0925
18:25:49 round 33/50 loss=1.1076 acc=0.4870 lr=0.00029 (188.7s, ETA 3515s)
18:25:50   epoch 1 batch 50/175 loss=1.7936
18:25:50   epoch 1 batch 100/175 loss=1.0254
18:25:51   epoch 1 batch 150/175 loss=1.0125
18:25:52   epoch 2 batch 50/175 loss=1.2697
18:25:53   epoch 2 batch 100/175 loss=1.0447
18:25:54   epoch 2 batch 150/175 loss=1.1424
18:25:55   epoch 3 batch 50/175 loss=1.0717
18:25:56   epoch 3 batch 100/175 loss=1.2330
18:25:57   epoch 3 batch 150/175 loss=1.0576
18:25:58   epoch 4 batch 50/175 loss=0.8751
18:25:59   epoch 4 batch 100/175 loss=0.9223
18:25:59   epoch 4 batch 150/175 loss=0.9788
18:26:01   epoch 5 batch 50/175 loss=0.9749
18:26:01   epoch 5 batch 100/175 loss=0.9694
18:26:02   epoch 5 batch 150/175 loss=0.9318
18:26:03   epoch 6 batch 50/175 loss=1.4983
18:26:04   epoch 6 batch 100/175 loss=0.9372
18:26:05   epoch 6 batch 150/175 loss=0.9346
18:26:06   epoch 7 batch 50/175 loss=1.4736
18:26:07   epoch 7 batch 100/175 loss=0.8177
18:26:08   epoch 7 batch 150/175 loss=0.7250
18:26:09   epoch 8 batch 50/175 loss=0.7937
18:26:10   epoch 8 batch 100/175 loss=0.7945
18:26:11   epoch 8 batch 150/175 loss=1.0218
18:26:12   epoch 9 batch 50/175 loss=1.2721
18:26:13   epoch 9 batch 100/175 loss=0.8542
18:26:14   epoch 9 batch 150/175 loss=0.8327
18:26:15   epoch 10 batch 50/175 loss=0.9972
18:26:16   epoch 10 batch 100/175 loss=1.2324
18:26:16   epoch 10 batch 150/175 loss=0.8216
18:26:18   epoch 11 batch 50/175 loss=0.9395
18:26:19   epoch 11 batch 100/175 loss=1.1157
18:26:19   epoch 11 batch 150/175 loss=0.8489
18:26:20   epoch 12 batch 50/175 loss=0.9529
18:26:21   epoch 12 batch 100/175 loss=0.9842
18:26:22   epoch 12 batch 150/175 loss=1.0977
18:26:23   epoch 13 batch 50/175 loss=1.6116
18:26:24   epoch 13 batch 100/175 loss=1.0668
18:26:25   epoch 13 batch 150/175 loss=0.7563
18:26:26   epoch 14 batch 50/175 loss=1.2545
18:26:27   epoch 14 batch 100/175 loss=1.3299
18:26:27   epoch 14 batch 150/175 loss=0.8997
18:26:29   epoch 15 batch 50/175 loss=0.9211
18:26:29   epoch 15 batch 100/175 loss=1.0571
18:26:30   epoch 15 batch 150/175 loss=1.0733
18:28:55 round 34/50 loss=1.0976 acc=0.4786 lr=0.00026 (185.9s, ETA 3298s)
18:28:56   epoch 1 batch 50/175 loss=1.3383
18:28:56   epoch 1 batch 100/175 loss=1.0160
18:28:57   epoch 1 batch 150/175 loss=0.9526
18:28:58   epoch 2 batch 50/175 loss=1.0173
18:28:59   epoch 2 batch 100/175 loss=1.3931
18:29:00   epoch 2 batch 150/175 loss=0.9910
18:29:01   epoch 3 batch 50/175 loss=1.1789
18:29:01   epoch 3 batch 100/175 loss=0.9559
18:29:02   epoch 3 batch 150/175 loss=0.8621
18:29:03   epoch 4 batch 50/175 loss=1.2713
18:29:04   epoch 4 batch 100/175 loss=1.0090
18:29:05   epoch 4 batch 150/175 loss=0.8142
18:29:06   epoch 5 batch 50/175 loss=1.2373
18:29:06   epoch 5 batch 100/175 loss=0.8727
18:29:07   epoch 5 batch 150/175 loss=1.2418
18:29:08   epoch 6 batch 50/175 loss=1.0356
18:29:09   epoch 6 batch 100/175 loss=0.9679
18:29:09   epoch 6 batch 150/175 loss=1.8440
18:29:11   epoch 7 batch 50/175 loss=0.8772
18:29:11   epoch 7 batch 100/175 loss=0.9296
18:29:12   epoch 7 batch 150/175 loss=0.9453
18:29:13   epoch 8 batch 50/175 loss=1.0498
18:29:14   epoch 8 batch 100/175 loss=1.1284
18:29:14   epoch 8 batch 150/175 loss=0.9144
18:29:15   epoch 9 batch 50/175 loss=0.9665
18:29:16   epoch 9 batch 100/175 loss=0.8741
18:29:17   epoch 9 batch 150/175 loss=1.1570
18:29:18   epoch 10 batch 50/175 loss=1.2729
18:29:18   epoch 10 batch 100/175 loss=0.9632
18:29:19   epoch 10 batch 150/175 loss=0.7790
18:29:20   epoch 11 batch 50/175 loss=0.9426
18:29:21   epoch 11 batch 100/175 loss=1.3402
18:29:21   epoch 11 batch 150/175 loss=0.7991
18:29:22   epoch 12 batch 50/175 loss=1.4528
18:29:23   epoch 12 batch 100/175 loss=0.8032
18:29:24   epoch 12 batch 150/175 loss=0.9559
18:29:25   epoch 13 batch 50/175 loss=1.5684
18:29:25   epoch 13 batch 100/175 loss=1.0378
18:29:26   epoch 13 batch 150/175 loss=0.7344
18:29:27   epoch 14 batch 50/175 loss=0.7943
18:29:28   epoch 14 batch 100/175 loss=0.9354
18:29:28   epoch 14 batch 150/175 loss=0.6446
18:29:29   epoch 15 batch 50/175 loss=0.9812
18:29:30   epoch 15 batch 100/175 loss=0.6575
18:29:31   epoch 15 batch 150/175 loss=0.8727
18:31:44 round 35/50 loss=1.0941 acc=0.4742 lr=0.00023 (169.2s, ETA 3076s)
18:31:45   epoch 1 batch 50/175 loss=1.5062
18:31:45   epoch 1 batch 100/175 loss=1.0769
18:31:46   epoch 1 batch 150/175 loss=0.9690
18:31:47   epoch 2 batch 50/175 loss=1.2754
18:31:48   epoch 2 batch 100/175 loss=0.9352
18:31:49   epoch 2 batch 150/175 loss=2.1650
18:31:50   epoch 3 batch 50/175 loss=1.2928
18:31:50   epoch 3 batch 100/175 loss=1.2415
18:31:51   epoch 3 batch 150/175 loss=1.0741
18:31:52   epoch 4 batch 50/175 loss=0.8727
18:31:53   epoch 4 batch 100/175 loss=1.2059
18:31:54   epoch 4 batch 150/175 loss=1.1711
18:31:55   epoch 5 batch 50/175 loss=1.2100
18:31:55   epoch 5 batch 100/175 loss=1.0366
18:31:56   epoch 5 batch 150/175 loss=0.9379
18:31:57   epoch 6 batch 50/175 loss=0.9082
18:31:58   epoch 6 batch 100/175 loss=0.9639
18:31:59   epoch 6 batch 150/175 loss=0.8801
18:32:00   epoch 7 batch 50/175 loss=0.8492
18:32:01   epoch 7 batch 100/175 loss=0.8836
18:32:01   epoch 7 batch 150/175 loss=0.7847
18:32:02   epoch 8 batch 50/175 loss=0.8327
18:32:03   epoch 8 batch 100/175 loss=0.7446
18:32:04   epoch 8 batch 150/175 loss=0.9619
18:32:05   epoch 9 batch 50/175 loss=1.2127
18:32:06   epoch 9 batch 100/175 loss=1.0398
18:32:06   epoch 9 batch 150/175 loss=0.8829
18:32:07   epoch 10 batch 50/175 loss=0.9575
18:32:08   epoch 10 batch 100/175 loss=0.9107
18:32:09   epoch 10 batch 150/175 loss=1.0720
18:32:10   epoch 11 batch 50/175 loss=0.6851
18:32:10   epoch 11 batch 100/175 loss=1.5851
18:32:11   epoch 11 batch 150/175 loss=0.8075
18:32:12   epoch 12 batch 50/175 loss=0.8308
18:32:13   epoch 12 batch 100/175 loss=1.1281
18:32:13   epoch 12 batch 150/175 loss=0.7521
18:32:14   epoch 13 batch 50/175 loss=1.0720
18:32:15   epoch 13 batch 100/175 loss=0.9635
18:32:16   epoch 13 batch 150/175 loss=1.2531
18:32:17   epoch 14 batch 50/175 loss=0.8215
18:32:18   epoch 14 batch 100/175 loss=1.0724
18:32:18   epoch 14 batch 150/175 loss=0.7715
18:32:19   epoch 15 batch 50/175 loss=0.8833
18:32:20   epoch 15 batch 100/175 loss=0.8340
18:32:21   epoch 15 batch 150/175 loss=1.1856
18:34:32 round 36/50 loss=1.0783 acc=0.4890 lr=0.00021 (168.2s, ETA 2857s)
18:34:33   epoch 1 batch 50/175 loss=1.2963
18:34:34   epoch 1 batch 100/175 loss=1.7116
18:34:34   epoch 1 batch 150/175 loss=0.8823
18:34:35   epoch 2 batch 50/175 loss=0.8336
18:34:36   epoch 2 batch 100/175 loss=0.9108
18:34:37   epoch 2 batch 150/175 loss=1.0244
18:34:38   epoch 3 batch 50/175 loss=0.7479
18:34:39   epoch 3 batch 100/175 loss=1.2160
18:34:39   epoch 3 batch 150/175 loss=1.2775
18:34:40   epoch 4 batch 50/175 loss=0.8624
18:34:41   epoch 4 batch 100/175 loss=0.7217
18:34:42   epoch 4 batch 150/175 loss=0.8637
18:34:43   epoch 5 batch 50/175 loss=0.8258
18:34:44   epoch 5 batch 100/175 loss=1.2561
18:34:44   epoch 5 batch 150/175 loss=0.9963
18:34:46   epoch 6 batch 50/175 loss=1.5141
18:34:46   epoch 6 batch 100/175 loss=0.9270
18:34:47   epoch 6 batch 150/175 loss=0.9096
18:34:48   epoch 7 batch 50/175 loss=1.4215
18:34:49   epoch 7 batch 100/175 loss=0.9126
18:34:50   epoch 7 batch 150/175 loss=0.7713
18:34:51   epoch 8 batch 50/175 loss=0.7857
18:34:51   epoch 8 batch 100/175 loss=0.6712
18:34:52   epoch 8 batch 150/175 loss=0.9693
18:34:53   epoch 9 batch 50/175 loss=0.9056
18:34:54   epoch 9 batch 100/175 loss=0.7277
18:34:54   epoch 9 batch 150/175 loss=0.8910
18:34:55   epoch 10 batch 50/175 loss=0.8637
18:34:56   epoch 10 batch 100/175 loss=0.6396
18:34:57   epoch 10 batch 150/175 loss=0.9279
18:34:58   epoch 11 batch 50/175 loss=1.1017
18:34:59   epoch 11 batch 100/175 loss=0.9481
18:34:59   epoch 11 batch 150/175 loss=0.8551
18:35:00   epoch 12 batch 50/175 loss=1.1482
18:35:01   epoch 12 batch 100/175 loss=1.6834
18:35:02   epoch 12 batch 150/175 loss=0.7429
18:35:03   epoch 13 batch 50/175 loss=1.4300
18:35:04   epoch 13 batch 100/175 loss=1.1100
18:35:04   epoch 13 batch 150/175 loss=0.9781
18:35:05   epoch 14 batch 50/175 loss=1.1212
18:35:06   epoch 14 batch 100/175 loss=1.0434
18:35:07   epoch 14 batch 150/175 loss=1.2632
18:35:08   epoch 15 batch 50/175 loss=1.0682
18:35:08   epoch 15 batch 100/175 loss=0.9595
18:35:09   epoch 15 batch 150/175 loss=1.1313
18:37:21 round 37/50 loss=1.0800 acc=0.4840 lr=0.00018 (168.6s, ETA 2640s)
18:37:22   epoch 1 batch 50/175 loss=1.4161
18:37:22   epoch 1 batch 100/175 loss=1.0575
18:37:23   epoch 1 batch 150/175 loss=1.0097
18:37:24   epoch 2 batch 50/175 loss=1.3462
18:37:25   epoch 2 batch 100/175 loss=1.0549
18:37:26   epoch 2 batch 150/175 loss=1.2739
18:37:27   epoch 3 batch 50/175 loss=1.0624
18:37:27   epoch 3 batch 100/175 loss=1.0104
18:37:28   epoch 3 batch 150/175 loss=1.3886
18:37:29   epoch 4 batch 50/175 loss=0.9585
18:37:30   epoch 4 batch 100/175 loss=1.2469
18:37:31   epoch 4 batch 150/175 loss=0.8050
18:37:32   epoch 5 batch 50/175 loss=1.3692
18:37:33   epoch 5 batch 100/175 loss=0.8864
18:37:33   epoch 5 batch 150/175 loss=0.9855
18:37:34   epoch 6 batch 50/175 loss=1.2244
18:37:35   epoch 6 batch 100/175 loss=0.8827
18:37:36   epoch 6 batch 150/175 loss=0.8611
18:37:37   epoch 7 batch 50/175 loss=0.8704
18:37:38   epoch 7 batch 100/175 loss=0.8673
18:37:39   epoch 7 batch 150/175 loss=1.2834
18:37:40   epoch 8 batch 50/175 loss=0.9669
18:37:41   epoch 8 batch 100/175 loss=1.2548
18:37:41   epoch 8 batch 150/175 loss=1.0259
18:37:42   epoch 9 batch 50/175 loss=1.3661
18:37:43   epoch 9 batch 100/175 loss=0.9884
18:37:44   epoch 9 batch 150/175 loss=1.1711
18:37:45   epoch 10 batch 50/175 loss=0.7509
18:37:46   epoch 10 batch 100/175 loss=0.8920
18:37:46   epoch 10 batch 150/175 loss=0.7169
18:37:47   epoch 11 batch 50/175 loss=1.1067
18:37:48   epoch 11 batch 100/175 loss=0.8680
18:37:49   epoch 11 batch 150/175 loss=1.2633
18:37:50   epoch 12 batch 50/175 loss=0.7298
18:37:50   epoch 12 batch 100/175 loss=0.8865
18:37:51   epoch 12 batch 150/175 loss=0.7300
18:37:52   epoch 13 batch 50/175 loss=1.1138
18:37:53   epoch 13 batch 100/175 loss=1.0510
18:37:54   epoch 13 batch 150/175 loss=1.0475
18:37:55   epoch 14 batch 50/175 loss=0.8960
18:37:55   epoch 14 batch 100/175 loss=0.9048
18:37:56   epoch 14 batch 150/175 loss=0.9052
18:37:57   epoch 15 batch 50/175 loss=0.7727
18:37:58   epoch 15 batch 100/175 loss=0.7022
18:37:59   epoch 15 batch 150/175 loss=1.2764
18:40:09 round 38/50 loss=1.0718 acc=0.5059 lr=0.00016 (167.9s, ETA 2426s)
18:40:09   epoch 1 batch 50/175 loss=1.2609
18:40:10   epoch 1 batch 100/175 loss=1.0553
18:40:11   epoch 1 batch 150/175 loss=0.9642
18:40:12   epoch 2 batch 50/175 loss=1.1131
18:40:13   epoch 2 batch 100/175 loss=0.8165
18:40:13   epoch 2 batch 150/175 loss=1.0885
18:40:14   epoch 3 batch 50/175 loss=0.8631
18:40:15   epoch 3 batch 100/175 loss=1.1196
18:40:16   epoch 3 batch 150/175 loss=1.0786
18:40:17   epoch 4 batch 50/175 loss=0.9594
18:40:18   epoch 4 batch 100/175 loss=0.7313
18:40:19   epoch 4 batch 150/175 loss=1.0915
18:40:20   epoch 5 batch 50/175 loss=1.0555
18:40:20   epoch 5 batch 100/175 loss=0.8346
18:40:21   epoch 5 batch 150/175 loss=1.1689
18:40:22   epoch 6 batch 50/175 loss=0.9855
18:40:23   epoch 6 batch 100/175 loss=1.2041
18:40:24   epoch 6 batch 150/175 loss=0.8813
18:40:25   epoch 7 batch 50/175 loss=1.2393
18:40:25   epoch 7 batch 100/175 loss=0.8675
18:40:26   epoch 7 batch 150/175 loss=0.8653
18:40:27   epoch 8 batch 50/175 loss=1.1066
18:40:28   epoch 8 batch 100/175 loss=1.1727
18:40:29   epoch 8 batch 150/175 loss=0.9256
18:40:30   epoch 9 batch 50/175 loss=1.1445
18:40:30   epoch 9 batch 100/175 loss=0.9056
18:40:31   epoch 9 batch 150/175 loss=1.1647
18:40:32   epoch 10 batch 50/175 loss=1.1078
18:40:33   epoch 10 batch 100/175 loss=0.8232
18:40:34   epoch 10 batch 150/175 loss=0.9500
18:40:35   epoch 11 batch 50/175 loss=2.6994
18:40:35   epoch 11 batch 100/175 loss=1.0704
18:40:36   epoch 11 batch 150/175 loss=1.1968
18:40:37   epoch 12 batch 50/175 loss=0.9397
18:40:38   epoch 12 batch 100/175 loss=0.8566
18:40:39   epoch 12 batch 150/175 loss=0.8117
18:40:40   epoch 13 batch 50/175 loss=1.4483
18:40:41   epoch 13 batch 100/175 loss=0.8022
18:40:41   epoch 13 batch 150/175 loss=1.2303
18:40:43   epoch 14 batch 50/175 loss=0.8559
18:40:43   epoch 14 batch 100/175 loss=0.8730
18:40:44   epoch 14 batch 150/175 loss=1.0622
18:40:45   epoch 15 batch 50/175 loss=1.1224
18:40:46   epoch 15 batch 100/175 loss=0.7729
18:40:47   epoch 15 batch 150/175 loss=0.7921
18:43:02 round 39/50 loss=1.0613 acc=0.5097 lr=0.00014 (173.3s, ETA 2216s)
18:43:03   epoch 1 batch 50/175 loss=1.2305
18:43:03   epoch 1 batch 100/175 loss=1.0197
18:43:04   epoch 1 batch 150/175 loss=1.1340
18:43:05   epoch 2 batch 50/175 loss=0.8580
18:43:06   epoch 2 batch 100/175 loss=0.9584
18:43:07   epoch 2 batch 150/175 loss=1.0648
18:43:08   epoch 3 batch 50/175 loss=0.9291
18:43:08   epoch 3 batch 100/175 loss=1.0711
18:43:09   epoch 3 batch 150/175 loss=0.8181
18:43:10   epoch 4 batch 50/175 loss=0.8746
18:43:11   epoch 4 batch 100/175 loss=0.8680
18:43:12   epoch 4 batch 150/175 loss=0.9247
18:43:13   epoch 5 batch 50/175 loss=0.8552
18:43:14   epoch 5 batch 100/175 loss=0.7905
18:43:14   epoch 5 batch 150/175 loss=0.8505
18:43:15   epoch 6 batch 50/175 loss=0.9715
18:43:16   epoch 6 batch 100/175 loss=0.9325
18:43:17   epoch 6 batch 150/175 loss=1.0413
18:43:18   epoch 7 batch 50/175 loss=0.9138
18:43:18   epoch 7 batch 100/175 loss=0.8385
18:43:19   epoch 7 batch 150/175 loss=0.9137
18:43:20   epoch 8 batch 50/175 loss=0.9472
18:43:21   epoch 8 batch 100/175 loss=1.5128
18:43:21   epoch 8 batch 150/175 loss=0.9208
18:43:22   epoch 9 batch 50/175 loss=0.8347
18:43:23   epoch 9 batch 100/175 loss=0.7438
18:43:24   epoch 9 batch 150/175 loss=0.9573
18:43:25   epoch 10 batch 50/175 loss=0.9292
18:43:25   epoch 10 batch 100/175 loss=1.0010
18:43:26   epoch 10 batch 150/175 loss=0.8802
18:43:27   epoch 11 batch 50/175 loss=0.9565
18:43:28   epoch 11 batch 100/175 loss=0.7300
18:43:28   epoch 11 batch 150/175 loss=0.8751
18:43:29   epoch 12 batch 50/175 loss=0.8536
18:43:30   epoch 12 batch 100/175 loss=1.0275
18:43:31   epoch 12 batch 150/175 loss=0.8088
18:43:32   epoch 13 batch 50/175 loss=1.1909
18:43:32   epoch 13 batch 100/175 loss=0.8022
18:43:33   epoch 13 batch 150/175 loss=0.8027
18:43:34   epoch 14 batch 50/175 loss=0.9382
18:43:35   epoch 14 batch 100/175 loss=0.8247
18:43:35   epoch 14 batch 150/175 loss=0.7200
18:43:36   epoch 15 batch 50/175 loss=0.7811
18:43:37   epoch 15 batch 100/175 loss=0.9159
18:43:38   epoch 15 batch 150/175 loss=0.6786
18:45:59 round 40/50 loss=1.0559 acc=0.4815 lr=0.00011 (177.0s, ETA 2008s)
18:46:00   epoch 1 batch 50/175 loss=1.3580
18:46:00   epoch 1 batch 100/175 loss=1.1918
18:46:01   epoch 1 batch 150/175 loss=1.0809
18:46:02   epoch 2 batch 50/175 loss=0.9344
18:46:03   epoch 2 batch 100/175 loss=1.4369
18:46:04   epoch 2 batch 150/175 loss=1.3922
18:46:05   epoch 3 batch 50/175 loss=1.2495
18:46:05   epoch 3 batch 100/175 loss=0.9662
18:46:06   epoch 3 batch 150/175 loss=1.2607
18:46:07   epoch 4 batch 50/175 loss=0.7544
18:46:08   epoch 4 batch 100/175 loss=0.9892
18:46:08   epoch 4 batch 150/175 loss=0.7812
18:46:09   epoch 5 batch 50/175 loss=0.8272
18:46:10   epoch 5 batch 100/175 loss=0.8496
18:46:11   epoch 5 batch 150/175 loss=0.9328
18:46:12   epoch 6 batch 50/175 loss=1.2522
18:46:12   epoch 6 batch 100/175 loss=0.7352
18:46:13   epoch 6 batch 150/175 loss=0.7504
18:46:14   epoch 7 batch 50/175 loss=0.8969
18:46:15   epoch 7 batch 100/175 loss=0.7458
18:46:16   epoch 7 batch 150/175 loss=0.8657
18:46:17   epoch 8 batch 50/175 loss=1.3131
18:46:17   epoch 8 batch 100/175 loss=0.7735
18:46:18   epoch 8 batch 150/175 loss=0.9023
18:46:19   epoch 9 batch 50/175 loss=1.2317
18:46:20   epoch 9 batch 100/175 loss=0.9652
18:46:20   epoch 9 batch 150/175 loss=1.4743
18:46:22   epoch 10 batch 50/175 loss=0.9117
18:46:22   epoch 10 batch 100/175 loss=0.7429
18:46:23   epoch 10 batch 150/175 loss=0.9938
18:46:24   epoch 11 batch 50/175 loss=0.8139
18:46:25   epoch 11 batch 100/175 loss=0.9288
18:46:25   epoch 11 batch 150/175 loss=1.3811
18:46:26   epoch 12 batch 50/175 loss=0.7812
18:46:27   epoch 12 batch 100/175 loss=0.8007
18:46:28   epoch 12 batch 150/175 loss=1.7678
18:46:29   epoch 13 batch 50/175 loss=1.2956
18:46:29   epoch 13 batch 100/175 loss=1.4046
18:46:30   epoch 13 batch 150/175 loss=0.8010
18:46:31   epoch 14 batch 50/175 loss=0.9828
18:46:32   epoch 14 batch 100/175 loss=1.2166
18:46:32   epoch 14 batch 150/175 loss=0.8212
18:46:33   epoch 15 batch 50/175 loss=0.7284
18:46:34   epoch 15 batch 100/175 loss=0.7473
18:46:35   epoch 15 batch 150/175 loss=0.8917
18:49:17 round 41/50 loss=1.0688 acc=0.5168 lr=0.00010 (198.4s, ETA 1807s)
18:49:18   epoch 1 batch 50/175 loss=1.4938
18:49:19   epoch 1 batch 100/175 loss=1.4175
18:49:20   epoch 1 batch 150/175 loss=1.2481
18:49:22   epoch 2 batch 50/175 loss=1.0806
18:49:23   epoch 2 batch 100/175 loss=1.4497
18:49:24   epoch 2 batch 150/175 loss=1.0569
18:49:25   epoch 3 batch 50/175 loss=1.4410
18:49:26   epoch 3 batch 100/175 loss=0.9593
18:49:27   epoch 3 batch 150/175 loss=1.3734
18:49:28   epoch 4 batch 50/175 loss=0.9788
18:49:29   epoch 4 batch 100/175 loss=1.2328
18:49:30   epoch 4 batch 150/175 loss=0.8631
18:49:32   epoch 5 batch 50/175 loss=1.2869
18:49:33   epoch 5 batch 100/175 loss=1.0138
18:49:33   epoch 5 batch 150/175 loss=0.9674
18:49:35   epoch 6 batch 50/175 loss=1.3250
18:49:36   epoch 6 batch 100/175 loss=1.0761
18:49:37   epoch 6 batch 150/175 loss=0.8190
18:49:38   epoch 7 batch 50/175 loss=0.7744
18:49:39   epoch 7 batch 100/175 loss=1.0249
18:49:39   epoch 7 batch 150/175 loss=1.7825
18:49:41   epoch 8 batch 50/175 loss=0.8625
18:49:41   epoch 8 batch 100/175 loss=0.8384
18:49:42   epoch 8 batch 150/175 loss=1.1135
18:49:43   epoch 9 batch 50/175 loss=0.6978
18:49:44   epoch 9 batch 100/175 loss=0.8877
18:49:45   epoch 9 batch 150/175 loss=0.8640
18:49:46   epoch 10 batch 50/175 loss=1.2928
18:49:47   epoch 10 batch 100/175 loss=1.0298
18:49:48   epoch 10 batch 150/175 loss=0.9817
18:49:49   epoch 11 batch 50/175 loss=0.8437
18:49:50   epoch 11 batch 100/175 loss=0.7275
18:49:51   epoch 11 batch 150/175 loss=0.7131
18:49:52   epoch 12 batch 50/175 loss=0.9724
18:49:53   epoch 12 batch 100/175 loss=0.9028
18:49:54   epoch 12 batch 150/175 loss=1.3727
18:49:55   epoch 13 batch 50/175 loss=0.6977
18:49:56   epoch 13 batch 100/175 loss=0.8335
18:49:57   epoch 13 batch 150/175 loss=1.0283
18:49:58   epoch 14 batch 50/175 loss=0.9756
18:49:59   epoch 14 batch 100/175 loss=1.2580
18:50:00   epoch 14 batch 150/175 loss=0.7946
18:50:01   epoch 15 batch 50/175 loss=0.8047
18:50:02   epoch 15 batch 100/175 loss=1.3458
18:50:03   epoch 15 batch 150/175 loss=0.7015
18:52:45 round 42/50 loss=1.0643 acc=0.5168 lr=0.00008 (207.3s, ETA 1607s)
18:52:46   epoch 1 batch 50/175 loss=1.5642
18:52:47   epoch 1 batch 100/175 loss=1.4492
18:52:47   epoch 1 batch 150/175 loss=1.2527
18:52:49   epoch 2 batch 50/175 loss=1.0738
18:52:50   epoch 2 batch 100/175 loss=0.9744
18:52:51   epoch 2 batch 150/175 loss=0.9497
18:52:52   epoch 3 batch 50/175 loss=1.1171
18:52:53   epoch 3 batch 100/175 loss=1.3874
18:52:54   epoch 3 batch 150/175 loss=0.9073
18:52:55   epoch 4 batch 50/175 loss=0.8532
18:52:56   epoch 4 batch 100/175 loss=0.9415
18:52:57   epoch 4 batch 150/175 loss=0.9773
18:52:58   epoch 5 batch 50/175 loss=0.7947
18:52:59   epoch 5 batch 100/175 loss=1.0557
18:53:00   epoch 5 batch 150/175 loss=1.0042
18:53:01   epoch 6 batch 50/175 loss=1.0354
18:53:02   epoch 6 batch 100/175 loss=0.8117
18:53:03   epoch 6 batch 150/175 loss=0.7303
18:53:04   epoch 7 batch 50/175 loss=0.8487
18:53:05   epoch 7 batch 100/175 loss=0.9090
18:53:06   epoch 7 batch 150/175 loss=0.9635
18:53:07   epoch 8 batch 50/175 loss=0.8277
18:53:08   epoch 8 batch 100/175 loss=0.8638
18:53:09   epoch 8 batch 150/175 loss=0.7456
18:53:10   epoch 9 batch 50/175 loss=1.0302
18:53:10   epoch 9 batch 100/175 loss=0.7027
18:53:11   epoch 9 batch 150/175 loss=1.0637
18:53:12   epoch 10 batch 50/175 loss=0.9119
18:53:13   epoch 10 batch 100/175 loss=1.5579
18:53:14   epoch 10 batch 150/175 loss=0.7035
18:53:15   epoch 11 batch 50/175 loss=0.7444
18:53:16   epoch 11 batch 100/175 loss=0.8012
18:53:17   epoch 11 batch 150/175 loss=1.0486
18:53:18   epoch 12 batch 50/175 loss=0.9344
18:53:19   epoch 12 batch 100/175 loss=0.9455
18:53:19   epoch 12 batch 150/175 loss=0.8202
18:53:20   epoch 13 batch 50/175 loss=1.3818
18:53:21   epoch 13 batch 100/175 loss=0.9705
18:53:22   epoch 13 batch 150/175 loss=0.7242
18:53:23   epoch 14 batch 50/175 loss=0.9313
18:53:24   epoch 14 batch 100/175 loss=1.1285
18:53:24   epoch 14 batch 150/175 loss=0.9465
18:53:26   epoch 15 batch 50/175 loss=0.7762
18:53:26   epoch 15 batch 100/175 loss=1.0856
18:53:27   epoch 15 batch 150/175 loss=1.1902
18:56:15 round 43/50 loss=1.0604 acc=0.4511 lr=0.00006 (209.9s, ETA 1408s)
18:56:16   epoch 1 batch 50/175 loss=1.5442
18:56:16   epoch 1 batch 100/175 loss=1.4631
18:56:17   epoch 1 batch 150/175 loss=1.2682
18:56:19   epoch 2 batch 50/175 loss=1.3601
18:56:19   epoch 2 batch 100/175 loss=1.2495
18:56:20   epoch 2 batch 150/175 loss=1.0996
18:56:21   epoch 3 batch 50/175 loss=0.9443
18:56:22   epoch 3 batch 100/175 loss=1.0790
18:56:23   epoch 3 batch 150/175 loss=0.9494
18:56:24   epoch 4 batch 50/175 loss=0.9878
18:56:25   epoch 4 batch 100/175 loss=0.9955
18:56:26   epoch 4 batch 150/175 loss=0.9328
18:56:27   epoch 5 batch 50/175 loss=1.1666
18:56:28   epoch 5 batch 100/175 loss=1.0590
18:56:29   epoch 5 batch 150/175 loss=0.9478
18:56:30   epoch 6 batch 50/175 loss=0.8877
18:56:31   epoch 6 batch 100/175 loss=1.3336
18:56:32   epoch 6 batch 150/175 loss=1.1210
18:56:34   epoch 7 batch 50/175 loss=1.0040
18:56:34   epoch 7 batch 100/175 loss=1.0772
18:56:35   epoch 7 batch 150/175 loss=0.7378
18:56:37   epoch 8 batch 50/175 loss=1.1445
18:56:38   epoch 8 batch 100/175 loss=1.1827
18:56:38   epoch 8 batch 150/175 loss=0.9927
18:56:40   epoch 9 batch 50/175 loss=0.8367
18:56:40   epoch 9 batch 100/175 loss=0.8160
18:56:41   epoch 9 batch 150/175 loss=0.7542
18:56:43   epoch 10 batch 50/175 loss=0.7467
18:56:43   epoch 10 batch 100/175 loss=0.9071
18:56:44   epoch 10 batch 150/175 loss=0.8132
18:56:46   epoch 11 batch 50/175 loss=1.2109
18:56:47   epoch 11 batch 100/175 loss=1.2791
18:56:47   epoch 11 batch 150/175 loss=0.9671
18:56:49   epoch 12 batch 50/175 loss=1.4658
18:56:50   epoch 12 batch 100/175 loss=0.8503
18:56:51   epoch 12 batch 150/175 loss=1.1395
18:56:52   epoch 13 batch 50/175 loss=0.8795
18:56:53   epoch 13 batch 100/175 loss=0.7428
18:56:54   epoch 13 batch 150/175 loss=0.9293
18:56:55   epoch 14 batch 50/175 loss=0.7341
18:56:56   epoch 14 batch 100/175 loss=0.8001
18:56:57   epoch 14 batch 150/175 loss=0.9111
18:56:58   epoch 15 batch 50/175 loss=0.7507
18:56:59   epoch 15 batch 100/175 loss=1.0032
18:57:00   epoch 15 batch 150/175 loss=0.9631
18:59:33 round 44/50 loss=1.0897 acc=0.4235 lr=0.00005 (197.9s, ETA 1206s)
18:59:33   epoch 1 batch 50/175 loss=1.7663
18:59:34   epoch 1 batch 100/175 loss=1.9502
18:59:35   epoch 1 batch 150/175 loss=1.6417
18:59:36   epoch 2 batch 50/175 loss=1.2678
18:59:36   epoch 2 batch 100/175 loss=0.9916
18:59:37   epoch 2 batch 150/175 loss=1.0374
18:59:38   epoch 3 batch 50/175 loss=1.0921
18:59:39   epoch 3 batch 100/175 loss=1.1858
18:59:39   epoch 3 batch 150/175 loss=0.9635
18:59:40   epoch 4 batch 50/175 loss=0.9166
18:59:41   epoch 4 batch 100/175 loss=1.1413
18:59:42   epoch 4 batch 150/175 loss=0.9758
18:59:43   epoch 5 batch 50/175 loss=0.8424
18:59:43   epoch 5 batch 100/175 loss=1.1046
18:59:44   epoch 5 batch 150/175 loss=0.9436
18:59:45   epoch 6 batch 50/175 loss=1.0362
18:59:46   epoch 6 batch 100/175 loss=0.9394
18:59:47   epoch 6 batch 150/175 loss=0.7619
18:59:48   epoch 7 batch 50/175 loss=0.9804
18:59:48   epoch 7 batch 100/175 loss=0.8664
18:59:49   epoch 7 batch 150/175 loss=1.3084
18:59:50   epoch 8 batch 50/175 loss=1.2184
18:59:51   epoch 8 batch 100/175 loss=1.4266
18:59:51   epoch 8 batch 150/175 loss=1.0495
18:59:52   epoch 9 batch 50/175 loss=1.1139
18:59:53   epoch 9 batch 100/175 loss=1.2935
18:59:54   epoch 9 batch 150/175 loss=1.3087
18:59:55   epoch 10 batch 50/175 loss=0.9708
18:59:55   epoch 10 batch 100/175 loss=1.9424
18:59:56   epoch 10 batch 150/175 loss=0.9810
18:59:57   epoch 11 batch 50/175 loss=1.2499
18:59:58   epoch 11 batch 100/175 loss=0.7410
18:59:58   epoch 11 batch 150/175 loss=1.0206
18:59:59   epoch 12 batch 50/175 loss=0.9484
19:00:00   epoch 12 batch 100/175 loss=0.9456
19:00:01   epoch 12 batch 150/175 loss=0.8548
19:00:02   epoch 13 batch 50/175 loss=1.0410
19:00:03   epoch 13 batch 100/175 loss=1.4192
19:00:03   epoch 13 batch 150/175 loss=0.9480
19:00:04   epoch 14 batch 50/175 loss=1.6907
19:00:05   epoch 14 batch 100/175 loss=0.9905
19:00:06   epoch 14 batch 150/175 loss=1.0440
19:00:07   epoch 15 batch 50/175 loss=0.6753
19:00:07   epoch 15 batch 100/175 loss=1.0290
19:00:08   epoch 15 batch 150/175 loss=0.8381
19:02:20 round 45/50 loss=1.1177 acc=0.4081 lr=0.00004 (167.2s, ETA 1002s)
19:02:20   epoch 1 batch 50/175 loss=1.6078
19:02:21   epoch 1 batch 100/175 loss=1.6094
19:02:22   epoch 1 batch 150/175 loss=1.3304
19:02:23   epoch 2 batch 50/175 loss=1.2769
19:02:24   epoch 2 batch 100/175 loss=1.2359
19:02:25   epoch 2 batch 150/175 loss=1.2843
19:02:26   epoch 3 batch 50/175 loss=1.4509
19:02:26   epoch 3 batch 100/175 loss=1.1692
19:02:27   epoch 3 batch 150/175 loss=1.2785
19:02:28   epoch 4 batch 50/175 loss=0.9972
19:02:29   epoch 4 batch 100/175 loss=0.9266
19:02:30   epoch 4 batch 150/175 loss=1.0116
19:02:31   epoch 5 batch 50/175 loss=1.3089
19:02:32   epoch 5 batch 100/175 loss=0.9934
19:02:32   epoch 5 batch 150/175 loss=1.2660
19:02:33   epoch 6 batch 50/175 loss=1.0497
19:02:34   epoch 6 batch 100/175 loss=1.0789
19:02:35   epoch 6 batch 150/175 loss=0.9748
19:02:36   epoch 7 batch 50/175 loss=1.2058
19:02:37   epoch 7 batch 100/175 loss=0.8277
19:02:37   epoch 7 batch 150/175 loss=1.5865
19:02:39   epoch 8 batch 50/175 loss=0.9501
19:02:39   epoch 8 batch 100/175 loss=0.9098
19:02:40   epoch 8 batch 150/175 loss=0.9849
19:02:41   epoch 9 batch 50/175 loss=0.9871
19:02:42   epoch 9 batch 100/175 loss=0.8999
19:02:42   epoch 9 batch 150/175 loss=0.9297
19:02:44   epoch 10 batch 50/175 loss=0.9843
19:02:44   epoch 10 batch 100/175 loss=0.8960
19:02:45   epoch 10 batch 150/175 loss=0.9522
19:02:46   epoch 11 batch 50/175 loss=1.0129
19:02:47   epoch 11 batch 100/175 loss=1.4168
19:02:48   epoch 11 batch 150/175 loss=1.2070
19:02:49   epoch 12 batch 50/175 loss=1.0960
19:02:49   epoch 12 batch 100/175 loss=0.8597
19:02:50   epoch 12 batch 150/175 loss=1.1394
19:02:51   epoch 13 batch 50/175 loss=0.8787
19:02:52   epoch 13 batch 100/175 loss=0.8395
19:02:53   epoch 13 batch 150/175 loss=1.2566
19:02:54   epoch 14 batch 50/175 loss=0.8423
19:02:54   epoch 14 batch 100/175 loss=0.9358
19:02:55   epoch 14 batch 150/175 loss=1.1203
19:02:56   epoch 15 batch 50/175 loss=1.6060
19:02:57   epoch 15 batch 100/175 loss=0.9146
19:02:57   epoch 15 batch 150/175 loss=1.4018
19:05:19 round 46/50 loss=1.1383 acc=0.5292 lr=0.00002 (178.9s, ETA 799s)
19:05:19   epoch 1 batch 50/175 loss=1.1884
19:05:20   epoch 1 batch 100/175 loss=1.5023
19:05:21   epoch 1 batch 150/175 loss=1.0454
19:05:22   epoch 2 batch 50/175 loss=0.8976
19:05:23   epoch 2 batch 100/175 loss=0.9740
19:05:24   epoch 2 batch 150/175 loss=0.9283
19:05:25   epoch 3 batch 50/175 loss=1.4260
19:05:26   epoch 3 batch 100/175 loss=1.1141
19:05:27   epoch 3 batch 150/175 loss=0.9241
19:05:28   epoch 4 batch 50/175 loss=1.1085
19:05:28   epoch 4 batch 100/175 loss=0.9153
19:05:29   epoch 4 batch 150/175 loss=0.9126
19:05:31   epoch 5 batch 50/175 loss=1.1103
19:05:31   epoch 5 batch 100/175 loss=1.0899
19:05:32   epoch 5 batch 150/175 loss=0.8657
19:05:33   epoch 6 batch 50/175 loss=1.1561
19:05:34   epoch 6 batch 100/175 loss=1.2729
19:05:35   epoch 6 batch 150/175 loss=0.9128
19:05:36   epoch 7 batch 50/175 loss=1.0264
19:05:37   epoch 7 batch 100/175 loss=0.7859
19:05:37   epoch 7 batch 150/175 loss=1.4184
19:05:39   epoch 8 batch 50/175 loss=1.0081
19:05:39   epoch 8 batch 100/175 loss=1.0573
19:05:40   epoch 8 batch 150/175 loss=0.8505
19:05:41   epoch 9 batch 50/175 loss=1.2782
19:05:42   epoch 9 batch 100/175 loss=1.1534
19:05:43   epoch 9 batch 150/175 loss=1.1450
19:05:44   epoch 10 batch 50/175 loss=1.2344
19:05:45   epoch 10 batch 100/175 loss=1.1043
19:05:46   epoch 10 batch 150/175 loss=0.8702
19:05:47   epoch 11 batch 50/175 loss=0.9998
19:05:48   epoch 11 batch 100/175 loss=0.8045
19:05:49   epoch 11 batch 150/175 loss=0.7365
19:05:50   epoch 12 batch 50/175 loss=0.8839
19:05:50   epoch 12 batch 100/175 loss=0.9299
19:05:51   epoch 12 batch 150/175 loss=1.0692
19:05:53   epoch 13 batch 50/175 loss=1.0121
19:05:53   epoch 13 batch 100/175 loss=0.8721
19:05:54   epoch 13 batch 150/175 loss=0.7997
19:05:55   epoch 14 batch 50/175 loss=1.1715
19:05:56   epoch 14 batch 100/175 loss=1.0668
19:05:57   epoch 14 batch 150/175 loss=0.8367
19:05:58   epoch 15 batch 50/175 loss=1.2101
19:05:59   epoch 15 batch 100/175 loss=0.9524
19:06:00   epoch 15 batch 150/175 loss=0.8448
19:08:36 round 47/50 loss=1.0912 acc=0.5118 lr=0.00002 (197.0s, ETA 599s)
19:08:36   epoch 1 batch 50/175 loss=1.6359
19:08:37   epoch 1 batch 100/175 loss=1.6327
19:08:38   epoch 1 batch 150/175 loss=1.5058
19:08:39   epoch 2 batch 50/175 loss=1.6382
19:08:40   epoch 2 batch 100/175 loss=1.3208
19:08:41   epoch 2 batch 150/175 loss=1.3598
19:08:42   epoch 3 batch 50/175 loss=1.1903
19:08:43   epoch 3 batch 100/175 loss=1.3030
19:08:44   epoch 3 batch 150/175 loss=1.1427
19:08:45   epoch 4 batch 50/175 loss=1.9099
19:08:46   epoch 4 batch 100/175 loss=1.2321
19:08:47   epoch 4 batch 150/175 loss=1.1549
19:08:48   epoch 5 batch 50/175 loss=0.9016
19:08:49   epoch 5 batch 100/175 loss=1.3439
19:08:50   epoch 5 batch 150/175 loss=0.9741
19:08:51   epoch 6 batch 50/175 loss=1.0311
19:08:52   epoch 6 batch 100/175 loss=1.3711
19:08:53   epoch 6 batch 150/175 loss=1.1863
19:08:54   epoch 7 batch 50/175 loss=0.9997
19:08:55   epoch 7 batch 100/175 loss=1.0099
19:08:56   epoch 7 batch 150/175 loss=1.0329
19:08:57   epoch 8 batch 50/175 loss=1.0071
19:08:58   epoch 8 batch 100/175 loss=0.9409
19:08:59   epoch 8 batch 150/175 loss=1.0697
19:09:00   epoch 9 batch 50/175 loss=0.9223
19:09:01   epoch 9 batch 100/175 loss=1.5929
19:09:02   epoch 9 batch 150/175 loss=0.9824
19:09:03   epoch 10 batch 50/175 loss=1.0499
19:09:04   epoch 10 batch 100/175 loss=0.9897
19:09:05   epoch 10 batch 150/175 loss=0.9549
19:09:06   epoch 11 batch 50/175 loss=0.9597
19:09:07   epoch 11 batch 100/175 loss=0.9540
19:09:08   epoch 11 batch 150/175 loss=0.9624
19:09:09   epoch 12 batch 50/175 loss=1.4501
19:09:10   epoch 12 batch 100/175 loss=1.2065
19:09:11   epoch 12 batch 150/175 loss=0.8247
19:09:12   epoch 13 batch 50/175 loss=0.9750
19:09:13   epoch 13 batch 100/175 loss=1.0735
19:09:14   epoch 13 batch 150/175 loss=0.8555
19:09:15   epoch 14 batch 50/175 loss=0.9831
19:09:16   epoch 14 batch 100/175 loss=0.9612
19:09:17   epoch 14 batch 150/175 loss=1.4192
19:09:18   epoch 15 batch 50/175 loss=0.8773
19:09:19   epoch 15 batch 100/175 loss=0.8491
19:09:20   epoch 15 batch 150/175 loss=0.9229
19:11:50 round 48/50 loss=1.1672 acc=0.5256 lr=0.00001 (194.3s, ETA 399s)
19:11:51   epoch 1 batch 50/175 loss=1.4985
19:11:52   epoch 1 batch 100/175 loss=1.3290
19:11:52   epoch 1 batch 150/175 loss=1.2351
19:11:54   epoch 2 batch 50/175 loss=1.7170
19:11:54   epoch 2 batch 100/175 loss=1.2083
19:11:55   epoch 2 batch 150/175 loss=1.2614
19:11:56   epoch 3 batch 50/175 loss=1.1655
19:11:57   epoch 3 batch 100/175 loss=1.1062
19:11:58   epoch 3 batch 150/175 loss=1.1885
19:11:59   epoch 4 batch 50/175 loss=1.2876
19:12:00   epoch 4 batch 100/175 loss=1.2262
19:12:01   epoch 4 batch 150/175 loss=1.0382
19:12:02   epoch 5 batch 50/175 loss=1.1081
19:12:03   epoch 5 batch 100/175 loss=1.1123
19:12:04   epoch 5 batch 150/175 loss=1.0181
19:12:05   epoch 6 batch 50/175 loss=1.1849
19:12:06   epoch 6 batch 100/175 loss=1.0194
19:12:07   epoch 6 batch 150/175 loss=0.9471
19:12:08   epoch 7 batch 50/175 loss=1.0564
19:12:09   epoch 7 batch 100/175 loss=0.9023
19:12:10   epoch 7 batch 150/175 loss=1.0066
19:12:11   epoch 8 batch 50/175 loss=1.0812
19:12:12   epoch 8 batch 100/175 loss=1.0970
19:12:13   epoch 8 batch 150/175 loss=1.1252
19:12:14   epoch 9 batch 50/175 loss=1.0630
19:12:15   epoch 9 batch 100/175 loss=1.1544
19:12:16   epoch 9 batch 150/175 loss=1.1372
19:12:17   epoch 10 batch 50/175 loss=1.1462
19:12:18   epoch 10 batch 100/175 loss=1.2313
19:12:19   epoch 10 batch 150/175 loss=0.9871
19:12:20   epoch 11 batch 50/175 loss=0.8642
19:12:21   epoch 11 batch 100/175 loss=1.4798
19:12:22   epoch 11 batch 150/175 loss=0.8737
19:12:23   epoch 12 batch 50/175 loss=0.9734
19:12:24   epoch 12 batch 100/175 loss=1.6757
19:12:25   epoch 12 batch 150/175 loss=1.2505
19:12:26   epoch 13 batch 50/175 loss=0.9501
19:12:27   epoch 13 batch 100/175 loss=0.9505
19:12:28   epoch 13 batch 150/175 loss=1.0758
19:12:29   epoch 14 batch 50/175 loss=1.0285
19:12:30   epoch 14 batch 100/175 loss=0.8725
19:12:31   epoch 14 batch 150/175 loss=1.1885
19:12:32   epoch 15 batch 50/175 loss=1.1286
19:12:33   epoch 15 batch 100/175 loss=1.0748
19:12:34   epoch 15 batch 150/175 loss=1.0779
19:15:08 round 49/50 loss=1.1701 acc=0.5177 lr=0.00000 (197.8s, ETA 200s)
19:15:08   epoch 1 batch 50/175 loss=2.5452
19:15:09   epoch 1 batch 100/175 loss=1.7627
19:15:10   epoch 1 batch 150/175 loss=1.5502
19:15:12   epoch 2 batch 50/175 loss=1.4250
19:15:12   epoch 2 batch 100/175 loss=1.4400
19:15:13   epoch 2 batch 150/175 loss=1.4889
19:15:15   epoch 3 batch 50/175 loss=1.4172
19:15:15   epoch 3 batch 100/175 loss=2.0653
19:15:16   epoch 3 batch 150/175 loss=1.3555
19:15:18   epoch 4 batch 50/175 loss=1.5012
19:15:18   epoch 4 batch 100/175 loss=1.8705
19:15:19   epoch 4 batch 150/175 loss=1.4894
19:15:21   epoch 5 batch 50/175 loss=1.3032
19:15:21   epoch 5 batch 100/175 loss=1.4514
19:15:22   epoch 5 batch 150/175 loss=1.5875
19:15:23   epoch 6 batch 50/175 loss=1.6812
19:15:24   epoch 6 batch 100/175 loss=2.0921
19:15:25   epoch 6 batch 150/175 loss=1.3012
19:15:26   epoch 7 batch 50/175 loss=1.6703
19:15:27   epoch 7 batch 100/175 loss=1.8187
19:15:28   epoch 7 batch 150/175 loss=1.4298
19:15:29   epoch 8 batch 50/175 loss=2.0443
19:15:30   epoch 8 batch 100/175 loss=1.5295
19:15:31   epoch 8 batch 150/175 loss=1.3040
19:15:32   epoch 9 batch 50/175 loss=1.4737
19:15:33   epoch 9 batch 100/175 loss=1.3032
19:15:34   epoch 9 batch 150/175 loss=1.3937
19:15:35   epoch 10 batch 50/175 loss=1.3288
19:15:36   epoch 10 batch 100/175 loss=1.6636
19:15:36   epoch 10 batch 150/175 loss=1.5930
19:15:38   epoch 11 batch 50/175 loss=1.4355
19:15:38   epoch 11 batch 100/175 loss=1.4427
19:15:39   epoch 11 batch 150/175 loss=1.1714
19:15:40   epoch 12 batch 50/175 loss=1.2328
19:15:41   epoch 12 batch 100/175 loss=1.3197
19:15:42   epoch 12 batch 150/175 loss=1.1981
19:15:43   epoch 13 batch 50/175 loss=1.1744
19:15:44   epoch 13 batch 100/175 loss=1.1374
19:15:45   epoch 13 batch 150/175 loss=1.4105
19:15:46   epoch 14 batch 50/175 loss=1.0020
19:15:47   epoch 14 batch 100/175 loss=1.3835
19:15:48   epoch 14 batch 150/175 loss=1.1599
19:15:49   epoch 15 batch 50/175 loss=1.2280
19:15:50   epoch 15 batch 100/175 loss=1.0714
19:15:51   epoch 15 batch 150/175 loss=1.1617
19:18:22 round 50/50 loss=1.3685 acc=0.5296 lr=0.00000 (194.3s, ETA 0s)
19:18:22 evaluating per-client accuracy...
--- final per-client accuracy ---
client 0: 0.5501
client 1: 0.5729
client 2: 0.4222
